sale_id,work_order_id,sku,quantity,unit_price,total_price,sale_date
PS0000890,WO000069,P00210,2,444.91,889.82,2025-07-20
PS0000660,WO000203,P00127,5,821.46,4107.30,2025-02-23
PS0000152,WO000203,P00203,5,195.11,975.55,2025-11-08
PS0000218,WO000235,P00201,5,213.27,1066.35,2025-11-06
PS0000111,WO000235,P00147,3,328.80,986.40,2025-02-03
PS0000897,WO000237,P00135,2,194.40,388.80,2025-11-30
PS0000803,WO000237,P00114,5,190.97,954.85,2025-04-15
PS0000670,WO000237,P00167,1,57.23,57.23,2025-01-26
PS0000665,WO000237,P00085,5,705.12,3525.60,2025-07-06
PS0000584,WO000237,P00030,4,694.91,2779.64,2025-07-03
PS0000495,WO000237,P00153,3,215.08,645.24,2025-09-29
PS0000390,WO000237,P00004,4,815.12,3260.48,2025-11-23
PS0000830,WO000098,P00076,2,243.89,487.78,2025-04-09
PS0000489,WO000098,P00173,4,617.09,2468.36,2025-08-16
PS0000253,WO000098,P00142,2,748.02,1496.04,2025-06-15
PS0000518,WO000102,P00047,1,245.53,245.53,2025-11-19
PS0000786,WO000141,P00006,4,807.90,3231.60,2025-08-18
PS0000724,WO000141,P00009,4,540.27,2161.08,2025-12-29
PS0000548,WO000177,P00004,3,697.33,2091.99,2025-08-25
PS0000409,WO000177,P00200,2,512.76,1025.52,2025-05-08
PS0000912,WO000226,P00045,5,222.06,1110.30,2025-05-08
PS0000392,WO000226,P00102,3,501.23,1503.69,2025-10-07
PS0000326,WO000226,P00032,2,83.88,167.76,2025-04-23
PS0000891,WO000047,P00088,1,457.42,457.42,2025-04-25
PS0000022,WO000062,P00028,5,415.90,2079.50,2025-02-08
PS0000674,WO000073,P00177,4,658.88,2635.52,2025-04-16
PS0000590,WO000073,P00012,4,364.97,1459.88,2025-09-10
PS0000227,WO000073,P00179,1,790.03,790.03,2025-03-03
PS0000938,WO000239,P00099,4,178.02,712.08,2025-04-22
PS0000791,WO000239,P00173,4,49.18,196.72,2025-01-10
PS0000769,WO000239,P00059,5,347.18,1735.90,2025-03-03
PS0000733,WO000239,P00022,1,473.94,473.94,2025-07-13
PS0000232,WO000239,P00130,2,690.60,1381.20,2025-03-27
PS0000221,WO000239,P00176,3,170.86,512.58,2025-10-26
PS0000024,WO000239,P00093,5,756.56,3782.80,2025-12-01
PS0000586,WO000290,P00022,3,194.93,584.79,2025-07-20
PS0000257,WO000290,P00076,4,559.13,2236.52,2025-04-15
PS0000818,WO000371,P00045,5,284.96,1424.80,2025-09-28
PS0000543,WO000371,P00004,3,78.68,236.04,2025-02-12
PS0000524,WO000371,P00217,4,542.64,2170.56,2025-07-10
PS0000506,WO000371,P00017,3,240.09,720.27,2025-05-04
PS0000333,WO000371,P00029,4,221.84,887.36,2025-12-21
PS0000014,WO000371,P00120,2,375.53,751.06,2025-02-10
PS0000854,WO000379,P00150,3,549.04,1647.12,2025-02-12
PS0000687,WO000379,P00039,3,186.76,560.28,2025-12-06
PS0000210,WO000029,P00218,1,413.78,413.78,2025-06-02
PS0000123,WO000029,P00066,2,388.05,776.10,2025-07-24
PS0000596,WO000152,P00001,5,189.53,947.65,2025-10-26
PS0000621,WO000158,P00167,2,537.05,1074.10,2025-10-25
PS0000812,WO000159,P00147,2,0.00,0.00,2025-12-06
PS0000364,WO000224,P00058,2,539.29,1078.58,2025-09-19
PS0000019,WO000224,P00090,2,761.44,1522.88,2025-03-19
PS0000780,WO000363,P00212,4,217.82,871.28,2025-01-28
PS0000642,WO000363,P00186,2,664.76,1329.52,2025-12-17
PS0000760,WO000014,P00171,2,601.29,1202.58,2025-03-01
PS0000732,WO000014,P00169,5,129.95,649.75,2025-12-10
PS0000151,WO000014,P00209,1,633.85,633.85,2025-07-25
PS0000907,WO000025,P00031,1,553.53,553.53,2025-11-15
PS0000900,WO000025,P00084,3,38.24,114.72,2025-04-21
PS0000635,WO000025,P00018,4,506.22,2024.88,2025-10-13
PS0000585,WO000025,P00158,4,508.40,2033.60,2025-06-01
PS0000120,WO000025,P00095,4,308.88,1235.52,2025-01-09
PS0000277,WO000110,P00038,1,848.07,848.07,2025-09-06
PS0000135,WO000110,P00046,1,286.21,286.21,2025-11-09
PS0000033,WO000110,P00071,4,815.86,3263.44,2025-10-11
PS0000894,WO000215,P00168,2,184.08,368.16,2025-09-04
PS0000224,WO000215,P00060,2,234.23,468.46,2025-02-16
PS0000491,WO000265,P00028,5,331.52,1657.60,2025-05-29
PS0000327,WO000265,P00168,2,576.73,1153.46,2025-02-13
PS0000853,WO000376,P00054,5,794.55,3972.75,2025-10-17
PS0000301,WO000376,P00044,2,65.73,131.46,2025-10-03
PS0000160,WO000376,P00106,3,80.31,240.93,2025-11-29
PS0000142,WO000051,P00119,3,836.17,2508.51,2025-06-26
PS0000614,WO000176,P00170,3,810.38,2431.14,2025-01-02
PS0000331,WO000176,P00133,3,716.24,2148.72,2025-09-30
PS0000083,WO000176,P00070,5,327.91,1639.55,2025-05-17
PS0000065,WO000176,P00030,5,595.11,2975.55,2025-04-21
PS0000851,WO000006,P00126,2,104.94,209.88,2025-09-22
PS0000841,WO000006,P00177,5,672.98,3364.90,2025-07-17
PS0000743,WO000006,P00113,4,126.99,507.96,2025-03-26
PS0000536,WO000006,P00219,2,719.64,1439.28,2025-05-01
PS0000400,WO000006,P00086,2,139.72,279.44,2025-01-23
PS0000772,WO000163,P00185,4,411.68,1646.72,2025-06-13
PS0000741,WO000163,P00200,3,238.04,714.12,2025-11-17
PS0000730,WO000163,P00071,4,397.61,1590.44,2025-03-30
PS0000602,WO000163,P00134,5,489.66,2448.30,2025-09-28
PS0000093,WO000163,P00005,2,303.92,607.84,2025-07-09
PS0000058,WO000163,P00130,5,95.80,479.00,2025-08-14
PS0000679,WO000188,P00160,3,660.62,1981.86,2025-11-04
PS0000559,WO000188,P00178,2,33.84,67.68,2025-02-20
PS0000372,WO000188,P00070,1,581.24,581.24,2025-08-25
PS0000704,WO000040,P00038,1,572.74,572.74,2025-08-27
PS0000654,WO000040,P00098,5,218.37,1091.85,2025-06-12
PS0000343,WO000040,P00072,1,304.19,304.19,2025-06-09
PS0000753,WO000198,P00169,5,745.15,3725.75,2025-02-25
PS0000850,WO000212,P00077,4,34.96,139.84,2025-10-08
PS0000229,WO000212,P00164,2,607.33,1214.66,2025-06-16
PS0000485,WO000001,P00011,2,777.13,1554.26,2025-06-16
PS0000668,WO000037,P00095,2,675.77,1351.54,2025-12-16
PS0000378,WO000039,P00131,5,694.67,3473.35,2025-06-13
PS0000285,WO000039,P00196,2,828.78,1657.56,2025-03-27
PS0000603,WO000105,P00070,1,780.91,780.91,2025-04-19
PS0000556,WO000105,P00152,5,366.43,1832.15,2025-05-05
PS0000837,WO000122,P00028,2,114.33,228.66,2025-01-08
PS0000773,WO000122,P00092,4,426.96,1707.84,2025-09-02
PS0000696,WO000162,P00010,1,555.47,555.47,2025-12-28
PS0000608,WO000162,P00019,5,428.66,2143.30,2025-02-26
PS0000202,WO000292,P00185,2,0.00,0.00,2025-06-19
PS0000875,WO000316,P00107,2,713.95,1427.90,2025-11-21
PS0000316,WO000316,P00043,3,242.56,727.68,2025-04-23
PS0000061,WO000316,P00146,1,466.16,466.16,2025-07-19
PS0000477,WO000053,P00116,5,797.03,3985.15,2025-09-17
PS0000387,WO000053,P00020,3,257.49,772.47,2025-07-28
PS0000583,WO000142,P00132,2,213.41,426.82,2025-11-10
PS0000180,WO000142,P00130,3,241.44,724.32,2025-12-28
PS0000244,WO000231,P00103,1,381.06,381.06,2025-03-05
PS0000051,WO000257,P00055,2,804.11,1608.22,2025-08-10
PS0000936,WO000262,P00003,4,682.72,2730.88,2025-11-11
PS0000729,WO000262,P00015,2,436.55,873.10,2025-03-18
PS0000865,WO000291,P00026,5,805.34,4026.70,2025-07-23
PS0000103,WO000291,P00034,3,822.58,2467.74,2025-02-18
PS0000100,WO000291,P00186,3,558.09,1674.27,2025-10-22
PS0000722,WO000017,P00077,5,450.24,2251.20,2025-07-07
PS0000782,WO000065,P00046,1,423.78,423.78,2025-07-27
PS0000319,WO000065,P00099,4,564.07,2256.28,2025-02-15
PS0000816,WO000071,P00014,1,312.60,312.60,2025-05-13
PS0000254,WO000071,P00162,1,458.40,458.40,2025-02-07
PS0000064,WO000178,P00100,3,393.45,1180.35,2025-12-19
PS0000012,WO000178,P00063,1,408.21,408.21,2025-04-25
PS0000646,WO000091,P00095,3,85.26,255.78,2025-07-24
PS0000089,WO000091,P00032,5,668.88,3344.40,2025-08-30
PS0000589,WO000118,P00108,3,708.85,2126.55,2025-11-07
PS0000188,WO000118,P00096,2,70.55,141.10,2025-10-19
PS0000389,WO000131,P00167,1,280.75,280.75,2025-04-04
PS0000192,WO000131,P00042,4,293.38,1173.52,2025-05-10
PS0000785,WO000164,P00136,2,218.24,436.48,2025-04-14
PS0000550,WO000164,P00071,4,681.00,2724.00,2025-05-14
PS0000845,WO000271,P00098,4,256.28,1025.12,2025-05-10
PS0000810,WO000271,P00183,4,190.13,760.52,2025-09-23
PS0000601,WO000271,P00090,5,423.29,2116.45,2025-07-22
PS0000493,WO000271,P00057,4,141.26,565.04,2025-05-24
PS0000336,WO000271,P00095,2,104.56,209.12,2025-04-18
PS0000265,WO000271,P00127,4,132.60,530.40,2025-04-06
PS0000671,WO000358,P00156,1,536.71,536.71,2025-02-25
PS0000261,WO000358,P00173,3,82.48,247.44,2025-11-28
PS0000775,WO000360,P00056,5,710.51,3552.55,2025-01-08
PS0000678,WO000360,P00150,1,357.36,357.36,2025-08-19
PS0000651,WO000360,P00210,2,628.07,1256.14,2025-08-26
PS0000592,WO000360,P00018,5,739.62,3698.10,2025-07-07
PS0000565,WO000360,P00121,1,440.02,440.02,2025-08-15
PS0000275,WO000360,P00148,2,550.46,1100.92,2025-08-18
PS0000367,WO000365,P00129,3,580.44,1741.32,2025-08-28
PS0000091,WO000365,P00050,1,679.03,679.03,2025-11-19
PS0000698,WO000031,P00029,2,817.10,1634.20,2025-06-16
PS0000304,WO000031,P00054,4,790.70,3162.80,2025-02-08
PS0000708,WO000321,P00067,5,401.44,2007.20,2025-07-30
PS0000501,WO000321,P00014,2,774.94,1549.88,2025-10-02
PS0000169,WO000321,P00171,1,361.25,361.25,2025-01-22
PS0000789,WO000398,P00176,5,402.36,2011.80,2025-05-07
PS0000771,WO000100,P00063,2,429.18,858.36,2025-01-14
PS0000917,WO000214,P00101,4,354.10,1416.40,2025-12-11
PS0000864,WO000214,P00085,4,538.83,2155.32,2025-04-16
PS0000650,WO000214,P00123,2,343.19,686.38,2025-12-02
PS0000627,WO000214,P00190,4,789.07,3156.28,2025-05-28
PS0000546,WO000214,P00171,5,846.87,4234.35,2025-07-05
PS0000176,WO000214,P00182,3,684.11,2052.33,2025-01-07
PS0000700,WO000345,P00035,2,138.74,277.48,2025-05-14
PS0000657,WO000345,P00022,5,214.49,1072.45,2025-06-14
PS0000417,WO000345,P00156,2,314.28,628.56,2025-12-25
PS0000363,WO000345,P00127,4,630.24,2520.96,2025-10-30
PS0000166,WO000345,P00203,3,260.47,781.41,2025-11-04
PS0000533,WO000359,P00135,4,502.04,2008.16,2025-12-06
PS0000457,WO000359,P00140,1,492.68,492.68,2025-04-25
PS0000620,WO000066,P00155,2,102.29,204.58,2025-04-04
PS0000805,WO000287,P00063,5,37.55,187.75,2025-04-20
PS0000581,WO000287,P00176,5,387.44,1937.20,2025-05-21
PS0000419,WO000287,P00020,4,229.43,917.72,2025-11-27
PS0000411,WO000287,P00090,3,276.85,830.55,2025-01-31
PS0000088,WO000287,P00009,1,378.40,378.40,2025-03-25
PS0000754,WO000059,P00164,3,125.25,375.75,2025-08-24
PS0000675,WO000059,P00009,4,693.08,2772.32,2025-05-10
PS0000183,WO000059,P00030,5,732.41,3662.05,2025-03-31
PS0000808,WO000136,P00114,2,301.15,602.30,2025-08-19
PS0000534,WO000156,P00125,1,790.87,790.87,2025-07-22
PS0000449,WO000156,P00175,5,465.94,2329.70,2025-06-14
PS0000193,WO000156,P00040,3,595.50,1786.50,2025-05-21
PS0000031,WO000156,P00014,4,395.84,1583.36,2025-05-27
PS0000399,WO000185,P00185,5,195.72,978.60,2025-05-21
PS0000361,WO000196,P00195,5,247.60,1238.00,2025-11-16
PS0000047,WO000204,P00021,5,282.66,1413.30,2025-09-19
PS0000003,WO000204,P00111,3,61.65,184.95,2025-12-26
PS0000273,WO000236,P00173,1,630.81,630.81,2025-06-12
PS0000636,WO000277,P00003,2,110.87,221.74,2025-12-19
PS0000162,WO000277,P00004,3,308.69,926.07,2025-12-24
PS0000836,WO000390,P00147,3,63.18,189.54,2025-01-10
PS0000752,WO000390,P00078,3,612.34,1837.02,2025-03-12
PS0000516,WO000390,P00102,3,268.52,805.56,2025-11-30
PS0000370,WO000390,P00157,2,124.67,249.34,2025-10-22
PS0000066,WO000390,P00045,5,628.52,3142.60,2025-01-06
PS0000888,WO000125,P00045,1,65.24,65.24,2025-12-20
PS0000820,WO000125,P00216,4,125.11,500.44,2025-01-28
PS0000288,WO000125,P00206,4,702.13,2808.52,2025-11-28
PS0000117,WO000125,P00189,1,822.39,822.39,2025-06-24
PS0000718,WO000008,P00045,5,744.09,3720.45,2025-03-07
PS0000209,WO000008,P00160,5,247.97,1239.85,2025-12-13
PS0000402,WO000032,P00111,3,435.51,1306.53,2025-08-17
PS0000341,WO000032,P00219,5,720.29,3601.45,2025-08-16
PS0000204,WO000075,P00107,1,526.04,526.04,2025-12-23
PS0000161,WO000075,P00024,1,185.25,185.25,2025-06-29
PS0000726,WO000166,P00078,3,687.07,2061.21,2025-05-12
PS0000715,WO000166,P00179,3,143.99,431.97,2025-03-03
PS0000297,WO000166,P00199,2,320.70,641.40,2025-02-15
PS0000191,WO000166,P00188,2,359.62,719.24,2025-05-25
PS0000150,WO000166,P00095,3,514.80,1544.40,2025-08-06
PS0000105,WO000166,P00042,4,736.65,2946.60,2025-02-07
PS0000026,WO000166,P00076,1,298.73,298.73,2025-01-27
PS0000831,WO000171,P00183,4,602.99,2411.96,2025-11-13
PS0000811,WO000171,P00203,4,635.86,2543.44,2025-07-01
PS0000509,WO000171,P00158,2,780.13,1560.26,2025-02-15
PS0000465,WO000171,P00165,2,589.94,1179.88,2025-12-06
PS0000126,WO000171,P00138,5,590.85,2954.25,2025-07-16
PS0000755,WO000242,P00121,2,739.27,1478.54,2025-10-08
PS0000655,WO000242,P00093,4,253.47,1013.88,2025-10-26
PS0000177,WO000242,P00194,5,220.58,1102.90,2025-05-08
PS0000759,WO000249,P00197,4,153.51,614.04,2025-01-09
PS0000709,WO000249,P00136,2,434.14,868.28,2025-06-14
PS0000355,WO000249,P00054,4,60.67,242.68,2025-08-01
PS0000893,WO000256,P00047,3,161.78,485.34,2025-02-11
PS0000406,WO000256,P00043,1,213.29,213.29,2025-10-17
PS0000226,WO000256,P00065,3,130.63,391.89,2025-03-08
PS0000110,WO000256,P00068,4,615.95,2463.80,2025-10-23
PS0000081,WO000256,P00147,2,841.94,1683.88,2025-10-25
PS0000245,WO000309,P00024,2,262.90,525.80,2025-05-03
PS0000564,WO000238,P00078,3,285.61,856.83,2025-09-03
PS0000313,WO000238,P00123,3,586.48,1759.44,2025-02-23
PS0000931,WO000243,P00173,4,686.63,2746.52,2025-03-18
PS0000544,WO000244,P00145,5,320.08,1600.40,2025-01-23
PS0000768,WO000063,P00146,2,464.62,929.24,2025-06-18
PS0000053,WO000063,P00148,5,493.81,2469.05,2025-07-20
PS0000859,WO000096,P00173,3,747.02,2241.06,2025-08-30
PS0000847,WO000096,P00168,2,647.74,1295.48,2025-05-12
PS0000394,WO000096,P00173,5,611.14,3055.70,2025-11-25
PS0000308,WO000096,P00109,4,74.83,299.32,2025-11-27
PS0000057,WO000096,P00164,2,807.15,1614.30,2025-07-21
PS0000502,WO000107,P00078,4,243.79,975.16,2025-12-19
PS0000634,WO000302,P00182,1,256.89,256.89,2025-05-09
PS0000307,WO000302,P00005,3,456.01,1368.03,2025-06-11
PS0000063,WO000302,P00182,3,233.83,701.49,2025-09-03
PS0000866,WO000022,P00085,1,501.21,501.21,2025-01-01
PS0000714,WO000022,P00132,4,422.79,1691.16,2025-08-02
PS0000054,WO000022,P00025,4,774.96,3099.84,2025-09-15
PS0000448,WO000229,P00118,3,564.33,1692.99,2025-11-09
PS0000369,WO000229,P00194,2,312.56,625.12,2025-06-20
PS0000842,WO000288,P00037,3,443.07,1329.21,2025-01-30
PS0000784,WO000288,P00154,2,108.66,217.32,2025-11-03
PS0000555,WO000288,P00008,1,542.92,542.92,2025-06-02
PS0000492,WO000288,P00111,3,540.21,1620.63,2025-02-15
PS0000153,WO000288,P00092,1,718.55,718.55,2025-12-26
PS0000761,WO000013,P00025,3,649.86,1949.58,2025-11-01
PS0000458,WO000013,P00154,4,710.88,2843.52,2025-09-19
PS0000426,WO000013,P00183,2,160.06,320.12,2025-05-04
PS0000339,WO000013,P00173,4,650.83,2603.32,2025-11-11
PS0000289,WO000013,P00206,3,556.44,1669.32,2025-04-02
PS0000197,WO000013,P00042,5,263.95,1319.75,2025-05-23
PS0000885,WO000279,P00103,4,138.01,552.04,2025-11-09
PS0000440,WO000279,P00116,1,128.17,128.17,2025-12-29
PS0000041,WO000279,P00175,2,500.19,1000.38,2025-09-16
PS0000016,WO000279,P00213,1,670.31,670.31,2025-06-22
PS0000184,WO000043,P00084,1,721.24,721.24,2025-08-20
PS0000640,WO000070,P00166,4,223.73,894.92,2025-07-22
PS0000055,WO000070,P00070,2,25.13,50.26,2025-12-15
PS0000382,WO000160,P00219,5,603.72,3018.60,2025-01-24
PS0000666,WO000181,P00055,5,141.68,708.40,2025-07-23
PS0000604,WO000181,P00044,3,684.68,2054.04,2025-04-26
PS0000324,WO000181,P00190,2,392.70,785.40,2025-05-11
PS0000223,WO000181,P00039,2,287.93,575.86,2025-04-09
PS0000892,WO000372,P00115,3,486.12,1458.36,2025-06-08
PS0000628,WO000372,P00117,4,609.65,2438.60,2025-03-02
PS0000637,WO000377,P00135,5,821.64,4108.20,2025-10-07
PS0000927,WO000054,P00134,2,122.35,244.70,2025-07-13
PS0000901,WO000074,P00091,4,686.24,2744.96,2025-12-25
PS0000127,WO000074,P00130,3,246.98,740.94,2025-09-23
PS0000038,WO000074,P00029,1,356.12,356.12,2025-12-05
PS0000728,WO000078,P00071,2,832.53,1665.06,2025-05-12
PS0000723,WO000090,P00195,2,80.51,161.02,2025-03-23
PS0000685,WO000090,P00187,1,705.19,705.19,2025-05-09
PS0000195,WO000090,P00105,1,272.40,272.40,2025-04-24
PS0000611,WO000140,P00095,3,224.03,672.09,2025-03-23
PS0000494,WO000140,P00026,5,703.09,3515.45,2025-08-26
PS0000086,WO000140,P00185,4,339.15,1356.60,2025-07-18
PS0000918,WO000173,P00117,4,783.63,3134.52,2025-01-19
PS0000833,WO000173,P00188,1,840.97,840.97,2025-11-16
PS0000030,WO000173,P00144,1,442.44,442.44,2025-11-20
PS0000710,WO000191,P00008,2,79.94,159.88,2025-05-05
PS0000384,WO000191,P00204,2,66.66,133.32,2025-01-25
PS0000139,WO000191,P00088,2,361.22,722.44,2025-08-21
PS0000703,WO000278,P00111,2,793.78,1587.56,2025-05-06
PS0000328,WO000278,P00141,1,701.65,701.65,2025-05-08
PS0000302,WO000278,P00145,1,374.32,374.32,2025-06-28
PS0000037,WO000278,P00037,4,251.58,1006.32,2025-08-28
PS0000606,WO000282,P00152,1,616.52,616.52,2025-05-18
PS0000591,WO000282,P00036,3,234.39,703.17,2025-09-23
PS0000292,WO000282,P00144,2,559.66,1119.32,2025-10-06
PS0000821,WO000313,P00193,3,168.17,504.51,2025-08-11
PS0000480,WO000313,P00075,1,746.04,746.04,2025-05-29
PS0000855,WO000323,P00016,1,685.52,685.52,2025-03-15
PS0000595,WO000323,P00199,3,424.96,1274.88,2025-09-16
PS0000347,WO000082,P00087,5,503.42,2517.10,2025-07-09
PS0000881,WO000113,P00087,3,425.83,1277.49,2025-10-26
PS0000641,WO000113,P00165,1,615.58,615.58,2025-01-24
PS0000600,WO000113,P00087,5,418.55,2092.75,2025-11-15
PS0000148,WO000113,P00050,3,581.80,1745.40,2025-02-08
PS0000344,WO000148,P00129,3,473.58,1420.74,2025-09-24
PS0000208,WO000148,P00162,5,491.66,2458.30,2025-09-27
PS0000237,WO000207,P00029,4,499.20,1996.80,2025-10-25
PS0000185,WO000207,P00166,4,318.53,1274.12,2025-08-21
PS0000109,WO000207,P00135,1,503.98,503.98,2025-12-14
PS0000039,WO000207,P00195,5,849.00,4245.00,2025-10-13
PS0000007,WO000207,P00124,5,172.97,864.85,2025-10-17
PS0000360,WO000295,P00046,3,514.97,1544.91,2025-06-30
PS0000835,WO000350,P00033,5,577.81,2889.05,2025-03-22
PS0000281,WO000350,P00123,2,40.45,80.90,2025-12-11
PS0000251,WO000350,P00146,3,106.58,319.74,2025-07-27
PS0000823,WO000230,P00171,2,88.01,176.02,2025-04-19
PS0000200,WO000230,P00208,5,595.12,2975.60,2025-02-02
PS0000075,WO000230,P00022,1,433.62,433.62,2025-02-09
PS0000904,WO000094,P00137,3,132.57,397.71,2025-06-28
PS0000691,WO000094,P00157,4,810.38,3241.52,2025-02-14
PS0000466,WO000094,P00046,3,222.20,666.60,2025-02-21
PS0000462,WO000094,P00171,1,579.66,579.66,2025-05-19
PS0000196,WO000094,P00118,2,693.65,1387.30,2025-10-11
PS0000001,WO000094,P00007,1,609.03,609.03,2025-03-24
PS0000498,WO000155,P00211,2,514.72,1029.44,2025-08-08
PS0000222,WO000155,P00020,5,438.43,2192.15,2025-12-11
PS0000156,WO000155,P00181,3,402.07,1206.21,2025-09-10
PS0000740,WO000245,P00110,2,95.30,190.60,2025-05-05
PS0000172,WO000260,P00012,5,324.34,1621.70,2025-02-27
PS0000625,WO000340,P00029,3,156.59,469.77,2025-09-14
PS0000610,WO000340,P00146,1,405.07,405.07,2025-03-12
PS0000214,WO000340,P00168,5,492.52,2462.60,2025-01-31
PS0000046,WO000340,P00106,4,234.80,939.20,2025-11-06
PS0000044,WO000340,P00019,3,384.84,1154.52,2025-09-15
PS0000661,WO000061,P00134,2,303.50,607.00,2025-10-22
PS0000128,WO000061,P00194,2,631.27,1262.54,2025-09-19
PS0000122,WO000061,P00032,3,822.30,2466.90,2025-04-23
PS0000090,WO000061,P00132,2,421.86,843.72,2025-10-08
PS0000028,WO000061,P00158,2,789.33,1578.66,2025-03-15
PS0000949,WO000079,P00153,2,164.83,329.66,2025-11-27
PS0000059,WO000079,P00150,1,154.00,154.00,2025-08-24
PS0000439,WO000109,P00174,5,137.35,686.75,2025-06-06
PS0000612,WO000132,P00101,2,779.32,1558.64,2025-04-15
PS0000377,WO000132,P00161,1,107.69,107.69,2025-02-18
PS0000338,WO000167,P00194,1,701.02,701.02,2025-11-14
PS0000441,WO000174,P00113,4,554.05,2216.20,2025-12-25
PS0000629,WO000294,P00015,2,367.71,735.42,2025-05-29
PS0000023,WO000294,P00118,5,343.04,1715.20,2025-04-29
PS0000008,WO000336,P00012,3,52.67,158.01,2025-12-28
PS0000424,WO000383,P00012,2,564.95,1129.90,2025-10-20
PS0000300,WO000383,P00015,5,401.26,2006.30,2025-01-08
PS0000298,WO000383,P00046,3,705.90,2117.70,2025-10-05
PS0000124,WO000383,P00187,1,286.43,286.43,2025-07-05
PS0000149,WO000170,P00140,4,73.20,292.80,2025-02-22
PS0000930,WO000241,P00134,4,661.46,2645.84,2025-06-05
PS0000739,WO000241,P00208,3,102.37,307.11,2025-02-04
PS0000043,WO000326,P00180,1,148.25,148.25,2025-04-15
PS0000404,WO000394,P00109,2,141.69,283.38,2025-03-21
PS0000263,WO000394,P00022,3,60.93,182.79,2025-03-14
PS0000882,WO000251,P00207,2,358.15,716.30,2025-10-03
PS0000872,WO000251,P00064,4,636.98,2547.92,2025-01-08
PS0000258,WO000251,P00150,4,740.44,2961.76,2025-04-10
PS0000736,WO000310,P00172,3,366.93,1100.79,2025-02-27
PS0000520,WO000310,P00064,3,334.00,1002.00,2025-04-25
PS0000376,WO000310,P00179,4,172.80,691.20,2025-05-09
PS0000337,WO000319,P00022,5,776.23,3881.15,2025-08-07
PS0000922,WO000064,P00169,2,234.60,469.20,2025-01-23
PS0000249,WO000064,P00078,2,679.86,1359.72,2025-01-16
PS0000170,WO000064,P00075,2,604.35,1208.70,2025-11-27
PS0000795,WO000208,P00148,5,315.94,1579.70,2025-10-22
PS0000717,WO000208,P00195,2,163.08,326.16,2025-06-10
PS0000573,WO000208,P00031,3,27.15,81.45,2025-09-25
PS0000490,WO000208,P00023,1,43.34,43.34,2025-12-03
PS0000393,WO000208,P00219,1,158.20,158.20,2025-01-11
PS0000349,WO000208,P00075,4,176.23,704.92,2025-10-17
PS0000114,WO000208,P00163,4,347.42,1389.68,2025-08-24
PS0000879,WO000225,P00077,3,329.01,987.03,2025-05-19
PS0000517,WO000342,P00106,3,103.13,309.39,2025-06-01
PS0000873,WO000003,P00087,5,620.36,3101.80,2025-11-26
PS0000113,WO000003,P00128,3,400.06,1200.18,2025-03-20
PS0000750,WO000005,P00154,2,550.54,1101.08,2025-02-10
PS0000663,WO000005,P00025,5,25.89,129.45,2025-10-12
PS0000597,WO000005,P00127,3,540.25,1620.75,2025-07-17
PS0000060,WO000005,P00016,3,817.42,2452.26,2025-07-02
PS0000767,WO000019,P00028,4,808.73,3234.92,2025-10-14
PS0000125,WO000019,P00116,5,456.66,2283.30,2025-12-07
PS0000540,WO000038,P00181,1,164.39,164.39,2025-12-29
PS0000352,WO000038,P00088,2,507.87,1015.74,2025-08-20
PS0000082,WO000038,P00038,3,527.41,1582.23,2025-04-08
PS0000658,WO000180,P00194,4,36.31,145.24,2025-12-03
PS0000479,WO000180,P00004,2,165.07,330.14,2025-01-06
PS0000474,WO000180,P00118,2,383.34,766.68,2025-06-02
PS0000569,WO000210,P00016,2,736.95,1473.90,2025-10-29
PS0000455,WO000210,P00068,1,398.12,398.12,2025-05-07
PS0000159,WO000210,P00130,5,811.24,4056.20,2025-10-18
PS0000929,WO000272,P00038,4,311.09,1244.36,2025-03-14
PS0000451,WO000272,P00007,5,586.62,2933.10,2025-04-02
PS0000553,WO000308,P00189,2,361.08,722.16,2025-12-27
PS0000481,WO000308,P00049,1,632.07,632.07,2025-07-24
PS0000416,WO000308,P00077,2,264.70,529.40,2025-02-03
PS0000947,WO000315,P00190,5,776.41,3882.05,2025-12-21
PS0000444,WO000315,P00099,3,158.48,475.44,2025-11-20
PS0000410,WO000315,P00042,2,646.51,1293.02,2025-07-09
PS0000140,WO000315,P00129,4,389.11,1556.44,2025-07-14
PS0000779,WO000327,P00137,2,495.40,990.80,2025-03-26
PS0000354,WO000327,P00157,1,34.52,34.52,2025-07-23
PS0000171,WO000327,P00195,4,200.49,801.96,2025-08-13
PS0000924,WO000332,P00025,5,353.88,1769.40,2025-01-13
PS0000684,WO000332,P00053,5,797.29,3986.45,2025-02-18
PS0000351,WO000332,P00054,5,67.31,336.55,2025-05-25
PS0000802,WO000352,P00045,3,650.40,1951.20,2025-12-09
PS0000099,WO000369,P00022,2,27.54,55.08,2025-01-08
PS0000020,WO000369,P00208,2,379.26,758.52,2025-04-18
PS0000919,WO000391,P00092,5,559.71,2798.55,2025-06-08
PS0000762,WO000391,P00018,4,107.81,431.24,2025-08-13
PS0000036,WO000391,P00125,1,254.52,254.52,2025-07-25
PS0000766,WO000399,P00078,5,446.22,2231.10,2025-10-20
PS0000434,WO000399,P00098,2,97.20,194.40,2025-01-26
PS0000334,WO000399,P00070,2,476.97,953.94,2025-12-06
PS0000906,WO000127,P00057,2,598.87,1197.74,2025-11-22
PS0000428,WO000127,P00011,4,395.89,1583.56,2025-04-12
PS0000418,WO000127,P00137,2,488.61,977.22,2025-07-15
PS0000867,WO000193,P00153,5,468.38,2341.90,2025-09-02
PS0000173,WO000193,P00195,1,344.46,344.46,2025-04-03
PS0000503,WO000232,P00035,1,700.33,700.33,2025-03-07
PS0000071,WO000232,P00171,4,356.69,1426.76,2025-06-04
PS0000863,WO000389,P00214,1,424.52,424.52,2025-02-01
PS0000639,WO000389,P00210,2,557.87,1115.74,2025-10-19
PS0000576,WO000137,P00017,4,397.98,1591.92,2025-05-19
PS0000482,WO000137,P00007,1,229.86,229.86,2025-04-28
PS0000751,WO000020,P00112,5,215.62,1078.10,2025-08-03
PS0000189,WO000020,P00125,2,602.30,1204.60,2025-12-11
PS0000630,WO000253,P00002,5,449.34,2246.70,2025-03-29
PS0000097,WO000253,P00075,2,438.74,877.48,2025-05-19
PS0000622,WO000387,P00137,1,390.91,390.91,2025-05-13
PS0000405,WO000387,P00086,1,556.12,556.12,2025-12-19
PS0000267,WO000387,P00189,1,339.60,339.60,2025-04-13
PS0000933,WO000187,P00142,5,324.24,1621.20,2025-10-14
PS0000794,WO000187,P00025,2,477.92,955.84,2025-09-14
PS0000446,WO000187,P00187,1,701.82,701.82,2025-11-22
PS0000407,WO000187,P00211,1,150.11,150.11,2025-11-27
PS0000383,WO000187,P00108,1,712.60,712.60,2025-11-07
PS0000362,WO000187,P00193,5,42.08,210.40,2025-03-24
PS0000101,WO000187,P00068,4,444.21,1776.84,2025-08-23
PS0000070,WO000187,P00141,5,462.66,2313.30,2025-08-25
PS0000839,WO000004,P00180,1,849.55,849.55,2025-11-11
PS0000294,WO000004,P00087,4,776.81,3107.24,2025-11-10
PS0000572,WO000097,P00187,3,139.42,418.26,2025-09-24
PS0000048,WO000161,P00064,5,92.18,460.90,2025-04-17
PS0000092,WO000347,P00082,5,498.49,2492.45,2025-09-09
PS0000819,WO000103,P00172,4,771.91,3087.64,2025-08-29
PS0000692,WO000103,P00123,4,61.38,245.52,2025-04-15
PS0000508,WO000103,P00208,1,821.32,821.32,2025-05-30
PS0000838,WO000108,P00123,3,23.25,69.75,2025-07-24
PS0000683,WO000108,P00042,5,92.56,462.80,2025-04-20
PS0000504,WO000042,P00030,2,849.46,1698.92,2025-03-20
PS0000781,WO000050,P00068,5,678.98,3394.90,2025-07-15
PS0000260,WO000050,P00036,2,539.63,1079.26,2025-10-27
PS0000145,WO000050,P00071,2,614.27,1228.54,2025-01-11
PS0000385,WO000120,P00212,5,640.44,3202.20,2025-05-07
PS0000062,WO000120,P00197,5,31.78,158.90,2025-12-23
PS0000594,WO000211,P00181,5,391.91,1959.55,2025-09-28
PS0000353,WO000211,P00203,4,717.49,2869.96,2025-12-26
PS0000132,WO000211,P00096,2,313.38,626.76,2025-05-21
PS0000796,WO000220,P00118,5,391.26,1956.30,2025-10-04
PS0000689,WO000220,P00015,4,725.61,2902.44,2025-12-22
PS0000386,WO000220,P00109,4,726.21,2904.84,2025-08-22
PS0000231,WO000234,P00155,5,663.98,3319.90,2025-04-29
PS0000801,WO000284,P00202,1,399.94,399.94,2025-05-18
PS0000567,WO000284,P00156,1,816.59,816.59,2025-07-12
PS0000858,WO000299,P00188,2,109.97,219.94,2025-11-22
PS0000549,WO000299,P00001,2,378.62,757.24,2025-10-20
PS0000206,WO000299,P00041,2,149.78,299.56,2025-01-23
PS0000087,WO000299,P00148,4,307.98,1231.92,2025-11-06
PS0000414,WO000325,P00151,5,836.79,4183.95,2025-11-09
PS0000442,WO000328,P00170,2,183.66,367.32,2025-07-13
PS0000437,WO000328,P00192,4,371.04,1484.16,2025-11-22
PS0000899,WO000368,P00176,5,825.20,4126.00,2025-03-31
PS0000869,WO000368,P00134,4,72.21,288.84,2025-11-02
PS0000790,WO000368,P00094,1,274.88,274.88,2025-12-04
PS0000616,WO000368,P00202,4,544.18,2176.72,2025-03-25
PS0000009,WO000081,P00141,3,38.13,114.39,2025-02-27
PS0000887,WO000083,P00091,3,539.45,1618.35,2025-11-26
PS0000560,WO000083,P00123,5,745.03,3725.15,2025-08-04
PS0000735,WO000143,P00113,2,94.26,188.52,2025-02-02
PS0000631,WO000143,P00180,2,89.90,179.80,2025-11-20
PS0000472,WO000143,P00089,5,543.43,2717.15,2025-05-25
PS0000174,WO000143,P00027,3,830.46,2491.38,2025-07-11
PS0000095,WO000143,P00087,2,217.78,435.56,2025-10-29
PS0000676,WO000240,P00186,2,352.30,704.60,2025-12-03
PS0000045,WO000357,P00205,1,443.68,443.68,2025-07-23
PS0000911,WO000048,P00112,4,149.36,597.44,2025-03-16
PS0000357,WO000048,P00016,3,700.18,2100.54,2025-10-02
PS0000131,WO000048,P00017,1,340.62,340.62,2025-05-01
PS0000950,WO000072,P00173,2,334.32,668.64,2025-09-27
PS0000734,WO000072,P00152,4,473.39,1893.56,2025-06-25
PS0000497,WO000072,P00029,4,356.31,1425.24,2025-12-06
PS0000397,WO000072,P00141,2,430.33,860.66,2025-08-16
PS0000379,WO000072,P00188,2,500.37,1000.74,2025-10-04
PS0000271,WO000072,P00096,2,609.59,1219.18,2025-08-24
PS0000840,WO000093,P00126,5,685.89,3429.45,2025-07-16
PS0000280,WO000093,P00109,5,792.46,3962.30,2025-05-24
PS0000179,WO000093,P00144,4,283.03,1132.12,2025-08-19
PS0000910,WO000116,P00040,1,594.30,594.30,2025-04-14
PS0000626,WO000116,P00161,1,357.26,357.26,2025-08-01
PS0000471,WO000116,P00013,2,337.75,675.50,2025-11-05
PS0000215,WO000116,P00073,1,544.33,544.33,2025-08-17
PS0000935,WO000144,P00168,1,145.67,145.67,2025-07-01
PS0000216,WO000144,P00076,5,450.56,2252.80,2025-08-28
PS0000778,WO000145,P00111,3,428.30,1284.90,2025-02-17
PS0000725,WO000145,P00060,1,230.16,230.16,2025-07-21
PS0000318,WO000145,P00031,3,123.96,371.88,2025-01-23
PS0000923,WO000258,P00194,5,299.89,1499.45,2025-02-16
PS0000076,WO000258,P00180,4,520.69,2082.76,2025-10-15
PS0000913,WO000266,P00077,4,719.02,2876.08,2025-07-18
PS0000311,WO000266,P00087,1,416.63,416.63,2025-10-14
PS0000909,WO000355,P00090,4,798.11,3192.44,2025-06-02
PS0000783,WO000355,P00067,5,297.26,1486.30,2025-07-23
PS0000563,WO000355,P00032,2,630.91,1261.82,2025-09-10
PS0000314,WO000355,P00206,1,569.65,569.65,2025-02-03
PS0000112,WO000355,P00159,1,96.73,96.73,2025-12-18
PS0000777,WO000381,P00160,5,296.64,1483.20,2025-02-05
PS0000688,WO000381,P00122,2,688.25,1376.50,2025-02-22
PS0000080,WO000381,P00073,5,447.59,2237.95,2025-02-26
PS0000056,WO000381,P00063,5,692.87,3464.35,2025-08-13
PS0000814,WO000045,P00053,1,184.50,184.50,2025-11-29
PS0000427,WO000045,P00206,3,823.71,2471.13,2025-01-19
PS0000220,WO000045,P00096,5,277.50,1387.50,2025-06-05
PS0000877,WO000087,P00096,2,269.98,539.96,2025-05-27
PS0000613,WO000087,P00030,5,298.39,1491.95,2025-03-29
PS0000706,WO000111,P00093,5,31.02,155.10,2025-09-29
PS0000445,WO000111,P00072,2,786.70,1573.40,2025-07-05
PS0000857,WO000139,P00163,5,320.18,1600.90,2025-10-05
PS0000525,WO000139,P00007,5,365.41,1827.05,2025-01-12
PS0000507,WO000139,P00195,2,570.17,1140.34,2025-07-21
PS0000134,WO000139,P00016,1,427.55,427.55,2025-10-03
PS0000052,WO000165,P00029,5,297.95,1489.75,2025-09-15
PS0000262,WO000216,P00164,3,113.29,339.87,2025-03-20
PS0000438,WO000219,P00134,2,680.33,1360.66,2025-12-29
PS0000346,WO000219,P00172,3,648.02,1944.06,2025-11-22
PS0000746,WO000305,P00012,1,537.20,537.20,2025-09-28
PS0000527,WO000305,P00081,1,838.53,838.53,2025-06-21
PS0000514,WO000341,P00217,4,820.41,3281.64,2025-08-06
PS0000116,WO000341,P00085,1,222.52,222.52,2025-06-10
PS0000577,WO000367,P00039,3,449.95,1349.85,2025-10-19
PS0000484,WO000367,P00122,4,242.44,969.76,2025-06-03
PS0000287,WO000049,P00104,2,74.18,148.36,2025-05-01
PS0000163,WO000133,P00108,4,534.79,2139.16,2025-08-23
PS0000825,WO000370,P00214,5,803.33,4016.65,2025-05-25
PS0000574,WO000370,P00004,4,36.58,146.32,2025-06-19
PS0000496,WO000392,P00054,2,561.39,1122.78,2025-04-30
PS0000279,WO000392,P00151,3,251.68,755.04,2025-07-29
PS0000050,WO000392,P00027,2,822.24,1644.48,2025-08-09
PS0000154,WO000395,P00065,5,45.19,225.95,2025-02-25
PS0000006,WO000395,P00063,2,253.91,507.82,2025-07-08
PS0000932,WO000018,P00075,3,147.33,441.99,2025-06-18
PS0000880,WO000018,P00146,3,231.37,694.11,2025-04-27
PS0000647,WO000018,P00122,1,294.66,294.66,2025-06-01
PS0000358,WO000018,P00099,1,291.19,291.19,2025-11-19
PS0000332,WO000018,P00201,1,748.01,748.01,2025-11-11
PS0000829,WO000060,P00082,3,472.20,1416.60,2025-10-25
PS0000742,WO000060,P00184,1,746.06,746.06,2025-02-11
PS0000283,WO000060,P00187,2,622.02,1244.04,2025-12-12
PS0000529,WO000115,P00169,2,253.63,507.26,2025-06-26
PS0000946,WO000130,P00035,5,500.21,2501.05,2025-05-12
PS0000303,WO000130,P00169,3,409.29,1227.87,2025-11-30
PS0000826,WO000197,P00151,2,830.49,1660.98,2025-12-20
PS0000744,WO000197,P00217,2,617.60,1235.20,2025-07-07
PS0000673,WO000197,P00119,5,326.04,1630.20,2025-05-02
PS0000138,WO000197,P00107,3,829.17,2487.51,2025-01-10
PS0000115,WO000197,P00185,3,739.66,2218.98,2025-09-30
PS0000849,WO000202,P00038,1,84.31,84.31,2025-02-23
PS0000475,WO000202,P00054,2,277.61,555.22,2025-01-02
PS0000948,WO000283,P00001,2,479.90,959.80,2025-05-18
PS0000737,WO000283,P00001,2,728.23,1456.46,2025-07-20
PS0000599,WO000283,P00090,2,846.39,1692.78,2025-02-25
PS0000928,WO000331,P00075,4,352.81,1411.24,2025-05-24
PS0000488,WO000331,P00215,3,233.44,700.32,2025-02-25
PS0000078,WO000331,P00111,5,471.34,2356.70,2025-09-30
PS0000943,WO000333,P00116,2,838.33,1676.66,2025-04-15
PS0000381,WO000333,P00197,2,668.61,1337.22,2025-04-26
PS0000348,WO000333,P00096,5,174.87,874.35,2025-06-24
PS0000934,WO000346,P00066,4,329.88,1319.52,2025-03-26
PS0000800,WO000346,P00066,5,222.08,1110.40,2025-11-13
PS0000373,WO000346,P00008,5,732.64,3663.20,2025-05-18
PS0000015,WO000346,P00036,3,42.50,127.50,2025-10-31
PS0000587,WO000067,P00203,5,216.48,1082.40,2025-05-08
PS0000705,WO000101,P00077,4,702.81,2811.24,2025-01-07
PS0000291,WO000101,P00140,2,126.53,253.06,2025-05-13
PS0000615,WO000183,P00033,2,462.44,924.88,2025-12-26
PS0000136,WO000183,P00167,3,179.57,538.71,2025-08-27
PS0000108,WO000183,P00095,4,740.42,2961.68,2025-08-07
PS0000450,WO000189,P00120,1,582.01,582.01,2025-03-02
PS0000155,WO000189,P00047,4,720.36,2881.44,2025-04-28
PS0000813,WO000201,P00035,5,727.61,3638.05,2025-03-06
PS0000473,WO000201,P00125,1,377.02,377.02,2025-03-27
PS0000350,WO000201,P00167,3,172.93,518.79,2025-12-23
PS0000883,WO000233,P00149,2,838.85,1677.70,2025-10-04
PS0000522,WO000233,P00064,4,304.05,1216.20,2025-04-04
PS0000878,WO000270,P00158,1,226.65,226.65,2025-06-15
PS0000374,WO000270,P00029,4,819.07,3276.28,2025-11-23
PS0000430,WO000276,P00042,3,581.76,1745.28,2025-08-17
PS0000259,WO000276,P00198,5,707.39,3536.95,2025-03-31
PS0000242,WO000276,P00084,5,550.34,2751.70,2025-05-16
PS0000130,WO000276,P00216,4,60.91,243.64,2025-04-25
PS0000085,WO000276,P00079,2,161.48,322.96,2025-08-30
PS0000463,WO000338,P00051,5,833.36,4166.80,2025-11-29
PS0000296,WO000338,P00061,4,53.16,212.64,2025-08-09
PS0000541,WO000119,P00188,5,319.81,1599.05,2025-12-22
PS0000246,WO000119,P00149,1,472.71,472.71,2025-09-11
PS0000234,WO000119,P00057,1,114.59,114.59,2025-04-01
PS0000925,WO000121,P00058,3,62.52,187.56,2025-08-05
PS0000788,WO000128,P00024,4,160.15,640.60,2025-01-29
PS0000312,WO000128,P00104,2,314.89,629.78,2025-05-03
PS0000213,WO000128,P00012,1,757.87,757.87,2025-04-19
PS0000920,WO000209,P00145,5,95.05,475.25,2025-01-26
PS0000713,WO000209,P00175,2,655.07,1310.14,2025-08-06
PS0000212,WO000209,P00066,2,500.83,1001.66,2025-03-26
PS0000178,WO000209,P00049,3,76.47,229.41,2025-02-24
PS0000672,WO000349,P00179,2,276.40,552.80,2025-09-10
PS0000412,WO000349,P00115,1,391.82,391.82,2025-12-25
PS0000905,WO000375,P00109,1,140.87,140.87,2025-08-29
PS0000765,WO000375,P00043,5,797.02,3985.10,2025-03-11
PS0000582,WO000375,P00039,4,627.74,2510.96,2025-05-26
PS0000452,WO000375,P00011,1,541.85,541.85,2025-10-13
PS0000305,WO000375,P00044,3,552.10,1656.30,2025-10-20
PS0000182,WO000375,P00182,5,665.51,3327.55,2025-08-28
PS0000042,WO000375,P00174,4,88.53,354.12,2025-12-23
PS0000707,WO000385,P00147,1,469.87,469.87,2025-02-06
PS0000702,WO000385,P00140,3,490.49,1471.47,2025-02-17
PS0000568,WO000385,P00157,4,726.81,2907.24,2025-11-12
PS0000433,WO000385,P00038,3,272.10,816.30,2025-03-02
PS0000423,WO000084,P00179,1,105.88,105.88,2025-03-18
PS0000266,WO000084,P00080,2,235.84,471.68,2025-12-11
PS0000822,WO000286,P00051,5,429.22,2146.10,2025-01-23
PS0000456,WO000286,P00153,2,759.51,1519.02,2025-07-12
PS0000712,WO000335,P00084,5,437.67,2188.35,2025-07-11
PS0000429,WO000114,P00154,1,804.94,804.94,2025-03-18
PS0000106,WO000114,P00137,3,0.00,0.00,2025-05-16
PS0000617,WO000129,P00012,4,470.64,1882.56,2025-02-12
PS0000029,WO000129,P00151,2,818.51,1637.02,2025-07-10
PS0000804,WO000194,P00175,3,608.72,1826.16,2025-02-03
PS0000871,WO000267,P00115,4,46.95,187.80,2025-02-22
PS0000682,WO000267,P00197,2,773.44,1546.88,2025-10-17
PS0000219,WO000007,P00010,5,428.36,2141.80,2025-05-21
PS0000469,WO000055,P00208,2,667.98,1335.96,2025-10-14
PS0000157,WO000055,P00106,3,200.60,601.80,2025-10-13
PS0000852,WO000112,P00087,4,360.71,1442.84,2025-08-03
PS0000643,WO000112,P00161,2,578.94,1157.88,2025-11-07
PS0000468,WO000112,P00088,5,108.83,544.15,2025-07-25
PS0000315,WO000112,P00079,4,613.72,2454.88,2025-08-30
PS0000181,WO000112,P00060,4,439.92,1759.68,2025-03-03
PS0000695,WO000184,P00083,2,497.91,995.82,2025-07-23
PS0000579,WO000184,P00174,4,370.83,1483.32,2025-10-14
PS0000566,WO000184,P00146,5,154.88,774.40,2025-04-16
PS0000538,WO000184,P00161,1,608.12,608.12,2025-07-21
PS0000325,WO000184,P00215,1,401.22,401.22,2025-07-31
PS0000194,WO000184,P00077,5,655.98,3279.90,2025-04-03
PS0000598,WO000195,P00186,3,317.76,953.28,2025-11-19
PS0000025,WO000195,P00175,2,761.96,1523.92,2025-12-02
PS0000896,WO000281,P00170,4,512.60,2050.40,2025-11-22
PS0000380,WO000281,P00163,3,533.18,1599.54,2025-10-20
PS0000944,WO000388,P00125,2,667.97,1335.94,2025-07-12
PS0000860,WO000388,P00046,3,670.02,2010.06,2025-05-10
PS0000799,WO000388,P00082,5,234.33,1171.65,2025-07-07
PS0000757,WO000388,P00171,2,125.50,251.00,2025-06-11
PS0000575,WO000388,P00165,2,506.88,1013.76,2025-02-08
PS0000425,WO000388,P00207,3,772.80,2318.40,2025-03-22
PS0000146,WO000388,P00154,5,524.08,2620.40,2025-04-28
PS0000040,WO000388,P00143,1,65.62,65.62,2025-01-22
PS0000013,WO000396,P00209,1,522.89,522.89,2025-07-29
PS0000699,WO000052,P00207,2,57.01,114.02,2025-07-20
PS0000264,WO000052,P00206,1,233.71,233.71,2025-06-25
PS0000667,WO000311,P00144,4,152.52,610.08,2025-02-11
PS0000201,WO000322,P00022,1,839.52,839.52,2025-10-03
PS0000198,WO000322,P00047,4,390.45,1561.80,2025-08-11
PS0000908,WO000334,P00021,2,669.68,1339.36,2025-11-27
PS0000531,WO000104,P00138,5,67.00,335.00,2025-02-26
PS0000175,WO000104,P00113,1,812.37,812.37,2025-04-13
PS0000073,WO000104,P00118,2,831.29,1662.58,2025-08-23
PS0000902,WO000206,P00134,4,674.07,2696.28,2025-05-25
PS0000401,WO000206,P00052,3,649.95,1949.85,2025-03-24
PS0000557,WO000228,P00211,2,139.78,279.56,2025-03-20
PS0000562,WO000252,P00027,4,195.55,782.20,2025-12-24
PS0000420,WO000254,P00184,5,779.69,3898.45,2025-01-29
PS0000005,WO000300,P00174,1,617.98,617.98,2025-09-20
PS0000317,WO000343,P00097,5,282.00,1410.00,2025-11-14
PS0000164,WO000343,P00019,1,472.18,472.18,2025-12-09
PS0000133,WO000343,P00144,5,281.98,1409.90,2025-03-06
PS0000375,WO000095,P00112,1,541.53,541.53,2025-11-07
PS0000238,WO000095,P00015,3,0.00,0.00,2025-07-23
PS0000870,WO000247,P00151,2,175.50,351.00,2025-01-15
PS0000697,WO000247,P00092,4,34.08,136.32,2025-10-26
PS0000558,WO000247,P00036,4,97.65,390.60,2025-12-12
PS0000396,WO000247,P00141,2,215.37,430.74,2025-02-04
PS0000320,WO000247,P00017,5,53.03,265.15,2025-11-08
PS0000898,WO000248,P00050,1,116.56,116.56,2025-07-15
PS0000903,WO000314,P00091,4,266.69,1066.76,2025-10-02
PS0000787,WO000314,P00208,3,273.23,819.69,2025-04-11
PS0000532,WO000339,P00185,4,119.91,479.64,2025-12-09
PS0000168,WO000339,P00050,6,197.24,1183.44,2025-05-15
PS0000119,WO000339,P00083,2,225.53,451.06,2025-08-09
PS0000941,WO000076,P00146,2,541.41,1082.82,2025-06-17
PS0000876,WO000076,P00151,1,148.47,148.47,2025-04-24
PS0000701,WO000076,P00006,1,31.63,31.63,2025-07-30
PS0000580,WO000076,P00218,5,616.00,3080.00,2025-10-16
PS0000408,WO000076,P00200,3,587.25,1761.75,2025-06-08
PS0000648,WO000149,P00011,4,226.08,904.32,2025-01-26
PS0000624,WO000149,P00076,3,202.99,608.97,2025-10-17
PS0000528,WO000149,P00210,1,701.30,701.30,2025-10-23
PS0000467,WO000149,P00053,5,682.80,3414.00,2025-07-14
PS0000143,WO000149,P00085,5,220.53,1102.65,2025-06-26
PS0000632,WO000250,P00117,2,837.20,1674.40,2025-10-05
PS0000588,WO000250,P00066,3,541.27,1623.81,2025-10-14
PS0000422,WO000250,P00039,1,763.53,763.53,2025-01-16
PS0000846,WO000378,P00127,4,332.06,1328.24,2025-10-20
PS0000690,WO000378,P00199,1,259.99,259.99,2025-06-17
PS0000664,WO000378,P00185,2,584.61,1169.22,2025-05-18
PS0000638,WO000378,P00171,3,165.07,495.21,2025-09-27
PS0000623,WO000378,P00149,1,665.73,665.73,2025-03-06
PS0000032,WO000378,P00202,2,251.32,502.64,2025-09-12
PS0000745,WO000058,P00050,5,103.97,519.85,2025-04-21
PS0000554,WO000058,P00035,4,521.57,2086.28,2025-03-29
PS0000551,WO000058,P00178,1,514.19,514.19,2025-11-17
PS0000436,WO000058,P00019,2,106.87,213.74,2025-04-13
PS0000256,WO000058,P00058,1,108.57,108.57,2025-12-15
PS0000693,WO000223,P00111,2,144.42,288.84,2025-05-30
PS0000321,WO000223,P00083,3,516.08,1548.24,2025-05-15
PS0000295,WO000223,P00142,1,384.48,384.48,2025-07-06
PS0000233,WO000223,P00159,1,657.24,657.24,2025-02-21
PS0000542,WO000293,P00162,4,548.96,2195.84,2025-08-04
PS0000268,WO000293,P00100,4,802.68,3210.72,2025-08-12
PS0000230,WO000293,P00152,4,108.16,432.64,2025-02-06
PS0000199,WO000293,P00165,1,623.43,623.43,2025-08-20
PS0000793,WO000296,P00197,4,471.61,1886.44,2025-06-16
PS0000571,WO000296,P00047,4,652.76,2611.04,2025-07-23
PS0000272,WO000296,P00161,2,113.38,226.76,2025-04-26
PS0000270,WO000296,P00217,2,713.03,1426.06,2025-05-02
PS0000211,WO000296,P00089,3,297.03,891.09,2025-11-29
PS0000187,WO000296,P00025,2,279.65,559.30,2025-11-29
PS0000921,WO000382,P00028,1,806.72,806.72,2025-06-18
PS0000832,WO000382,P00092,5,566.89,2834.45,2025-05-03
PS0000774,WO000044,P00179,1,722.83,722.83,2025-12-01
PS0000764,WO000044,P00141,2,696.14,1392.28,2025-07-07
PS0000605,WO000044,P00200,5,394.44,1972.20,2025-04-02
PS0000486,WO000044,P00092,3,545.54,1636.62,2025-06-10
PS0000669,WO000056,P00142,4,531.52,2126.08,2025-10-15
PS0000515,WO000056,P00179,1,155.90,155.90,2025-03-18
PS0000282,WO000056,P00144,1,598.25,598.25,2025-04-06
PS0000274,WO000056,P00164,5,248.33,1241.65,2025-08-14
PS0000068,WO000056,P00215,5,258.63,1293.15,2025-05-07
PS0000545,WO000068,P00132,4,463.88,1855.52,2025-06-04
PS0000121,WO000068,P00181,4,763.31,3053.24,2025-10-16
PS0000694,WO000186,P00131,3,466.19,1398.57,2025-05-26
PS0000561,WO000186,P00043,4,216.27,865.08,2025-06-25
PS0000547,WO000218,P00218,2,413.86,827.72,2025-09-06
PS0000345,WO000218,P00212,1,95.82,95.82,2025-12-24
PS0000010,WO000218,P00043,1,662.82,662.82,2025-01-09
PS0000828,WO000221,P00019,2,786.33,1572.66,2025-10-11
PS0000512,WO000221,P00079,4,132.67,530.68,2025-05-21
PS0000460,WO000221,P00110,4,155.80,623.20,2025-01-10
PS0000749,WO000303,P00188,5,213.96,1069.80,2025-11-16
PS0000645,WO000303,P00187,3,760.75,2282.25,2025-10-07
PS0000609,WO000351,P00101,5,179.62,898.10,2025-02-19
PS0000510,WO000351,P00093,3,437.39,1312.17,2025-04-23
PS0000619,WO000089,P00094,1,331.93,331.93,2025-11-23
PS0000330,WO000089,P00035,3,369.68,1109.04,2025-06-07
PS0000711,WO000182,P00122,1,588.08,588.08,2025-12-03
PS0000483,WO000182,P00110,5,75.85,379.25,2025-03-30
PS0000167,WO000182,P00040,2,218.16,436.32,2025-03-21
PS0000158,WO000182,P00199,3,131.04,393.12,2025-09-25
PS0000079,WO000182,P00164,5,596.83,2984.15,2025-09-21
PS0000939,WO000304,P00152,3,324.38,973.14,2025-08-18
PS0000570,WO000304,P00099,4,357.62,1430.48,2025-02-05
PS0000102,WO000304,P00044,5,389.78,1948.90,2025-06-12
PS0000290,WO000036,P00198,2,557.29,1114.58,2025-03-11
PS0000129,WO000153,P00060,2,62.88,125.76,2025-09-05
PS0000662,WO000192,P00170,4,300.96,1203.84,2025-02-11
PS0000653,WO000192,P00113,4,196.03,784.12,2025-03-16
PS0000519,WO000192,P00181,3,697.24,2091.72,2025-08-27
PS0000310,WO000192,P00116,1,318.85,318.85,2025-06-10
PS0000278,WO000192,P00195,5,238.75,1193.75,2025-11-14
PS0000649,WO000227,P00068,1,840.05,840.05,2025-07-13
PS0000523,WO000227,P00087,6,834.55,5007.30,2025-02-17
PS0000487,WO000227,P00182,4,618.48,2473.92,2025-09-27
PS0000356,WO000227,P00218,2,495.40,990.80,2025-02-09
PS0000738,WO000269,P00010,5,730.61,3653.05,2025-01-28
PS0000552,WO000269,P00201,4,755.87,3023.48,2025-01-22
PS0000464,WO000269,P00117,2,838.05,1676.10,2025-12-23
PS0000447,WO000269,P00052,5,313.87,1569.35,2025-04-23
PS0000098,WO000269,P00165,3,236.50,709.50,2025-06-25
PS0000034,WO000269,P00180,4,138.54,554.16,2025-08-01
PS0000874,WO000393,P00171,2,132.93,265.86,2025-02-15
PS0000342,WO000393,P00089,5,383.58,1917.90,2025-07-10
PS0000686,WO000205,P00074,1,676.79,676.79,2025-03-14
PS0000431,WO000205,P00155,4,270.32,1081.28,2025-10-24
PS0000868,WO000150,P00065,2,61.77,123.54,2025-03-13
PS0000207,WO000150,P00080,3,643.99,1931.97,2025-08-12
PS0000539,WO000028,P00001,2,627.45,1254.90,2025-11-26
PS0000286,WO000028,P00149,2,829.75,1659.50,2025-07-03
PS0000137,WO000028,P00159,3,276.86,830.58,2025-10-29
PS0000049,WO000028,P00165,4,271.67,1086.68,2025-09-08
PS0000916,WO000085,P00148,5,603.72,3018.60,2025-10-05
PS0000293,WO000086,P00081,1,835.46,835.46,2025-05-17
PS0000104,WO000086,P00077,3,494.10,1482.30,2025-10-29
PS0000656,WO000138,P00216,2,361.24,722.48,2025-01-29
PS0000118,WO000138,P00159,3,815.25,2445.75,2025-11-04
PS0000004,WO000138,P00119,2,100.26,200.52,2025-11-19
PS0000513,WO000213,P00110,1,831.27,831.27,2025-10-16
PS0000421,WO000213,P00211,4,240.52,962.08,2025-07-13
PS0000763,WO000384,P00190,4,440.10,1760.40,2025-11-03
PS0000478,WO000384,P00118,5,800.82,4004.10,2025-06-13
PS0000021,WO000384,P00036,1,464.50,464.50,2025-10-08
PS0000844,WO000146,P00099,2,145.55,291.10,2025-02-17
PS0000824,WO000146,P00119,2,182.66,365.32,2025-04-17
PS0000756,WO000146,P00023,3,512.67,1538.01,2025-04-15
PS0000017,WO000146,P00008,2,28.73,57.46,2025-08-22
PS0000677,WO000002,P00173,2,806.14,1612.28,2025-06-07
PS0000453,WO000002,P00103,1,240.86,240.86,2025-06-02
PS0000011,WO000002,P00017,3,131.58,394.74,2025-10-31
PS0000747,WO000217,P00089,2,315.54,631.08,2025-11-21
PS0000067,WO000217,P00019,2,846.20,1692.40,2025-08-24
PS0000388,WO000222,P00073,2,551.57,1103.14,2025-04-03
PS0000240,WO000222,P00101,5,458.83,2294.15,2025-06-04
PS0000190,WO000222,P00010,3,28.16,84.48,2025-06-01
PS0000027,WO000222,P00101,3,530.51,1591.53,2025-04-14
PS0000002,WO000222,P00191,4,836.48,3345.92,2025-08-28
PS0000758,WO000273,P00134,2,374.86,749.72,2025-07-10
PS0000721,WO000273,P00016,4,818.74,3274.96,2025-01-20
PS0000535,WO000273,P00050,3,432.30,1296.90,2025-07-04
PS0000511,WO000273,P00173,1,679.94,679.94,2025-04-01
PS0000435,WO000273,P00171,2,139.41,278.82,2025-03-12
PS0000248,WO000273,P00110,4,594.06,2376.24,2025-01-20
PS0000862,WO000297,P00183,2,445.18,890.36,2025-07-13
PS0000243,WO000380,P00125,3,87.60,262.80,2025-12-28
PS0000366,WO000397,P00111,4,635.60,2542.40,2025-07-19
PS0000329,WO000397,P00212,1,223.06,223.06,2025-12-30
PS0000225,WO000088,P00066,1,405.11,405.11,2025-11-23
PS0000228,WO000179,P00124,2,740.19,1480.38,2025-04-19
PS0000776,WO000317,P00155,5,354.92,1774.60,2025-06-03
PS0000861,WO000337,P00072,1,159.54,159.54,2025-12-16
PS0000770,WO000337,P00188,2,724.01,1448.02,2025-12-15
PS0000727,WO000337,P00077,2,698.79,1397.58,2025-02-06
PS0000470,WO000337,P00121,5,775.46,3877.30,2025-04-03
PS0000432,WO000337,P00011,1,176.29,176.29,2025-07-22
PS0000368,WO000337,P00081,2,190.88,381.76,2025-06-29
PS0000340,WO000337,P00069,5,60.48,302.40,2025-06-26
PS0000107,WO000356,P00106,1,492.44,492.44,2025-11-06
PS0000035,WO000356,P00124,5,501.26,2506.30,2025-05-03
PS0000895,WO000030,P00179,1,284.62,284.62,2025-03-09
PS0000681,WO000030,P00215,3,764.95,2294.85,2025-01-22
PS0000914,WO000099,P00177,4,193.72,774.88,2025-06-03
PS0000716,WO000099,P00085,3,558.05,1674.15,2025-11-24
PS0000403,WO000099,P00181,5,776.78,3883.90,2025-12-10
PS0000884,WO000329,P00057,1,66.42,66.42,2025-12-04
PS0000526,WO000344,P00022,1,158.23,158.23,2025-06-05
PS0000299,WO000344,P00032,5,602.24,3011.20,2025-07-11
PS0000731,WO000366,P00102,1,645.38,645.38,2025-09-10
PS0000633,WO000366,P00172,5,573.12,2865.60,2025-03-23
PS0000241,WO000366,P00156,1,48.53,48.53,2025-08-28
PS0000069,WO000366,P00034,4,466.72,1866.88,2025-04-14
PS0000084,WO000027,P00116,1,660.89,660.89,2025-03-28
PS0000856,WO000106,P00028,5,407.09,2035.45,2025-12-16
PS0000843,WO000106,P00154,3,269.06,807.18,2025-01-20
PS0000335,WO000106,P00153,3,179.77,539.31,2025-02-14
PS0000323,WO000106,P00182,2,759.39,1518.78,2025-07-08
PS0000889,WO000175,P00172,4,714.24,2856.96,2025-06-03
PS0000720,WO000175,P00087,5,150.48,752.40,2025-08-27
PS0000607,WO000175,P00086,2,506.58,1013.16,2025-10-30
PS0000809,WO000280,P00111,1,487.90,487.90,2025-11-13
PS0000593,WO000010,P00090,3,575.49,1726.47,2025-08-18
PS0000915,WO000011,P00087,2,80.19,160.38,2025-02-25
PS0000306,WO000011,P00098,3,278.67,836.01,2025-06-27
PS0000252,WO000011,P00216,1,140.78,140.78,2025-01-19
PS0000748,WO000026,P00209,1,674.80,674.80,2025-04-15
PS0000203,WO000026,P00212,4,569.72,2278.88,2025-05-20
PS0000537,WO000147,P00052,2,390.09,780.18,2025-08-14
PS0000834,WO000151,P00187,1,239.99,239.99,2025-10-14
PS0000652,WO000151,P00196,3,588.32,1764.96,2025-11-17
PS0000798,WO000190,P00111,5,333.20,1666.00,2025-09-28
PS0000719,WO000190,P00136,2,528.89,1057.78,2025-10-13
PS0000505,WO000190,P00092,5,195.49,977.45,2025-03-27
PS0000499,WO000190,P00097,1,109.18,109.18,2025-01-08
PS0000415,WO000190,P00043,4,262.57,1050.28,2025-03-16
PS0000309,WO000190,P00027,3,827.23,2481.69,2025-04-14
PS0000945,WO000246,P00088,1,343.90,343.90,2025-11-26
PS0000807,WO000246,P00205,5,663.97,3319.85,2025-12-20
PS0000618,WO000246,P00118,2,127.39,254.78,2025-06-03
PS0000454,WO000246,P00061,5,52.38,261.90,2025-08-13
PS0000391,WO000246,P00019,5,47.74,238.70,2025-08-13
PS0000147,WO000246,P00111,3,93.52,280.56,2025-06-13
PS0000413,WO000255,P00026,1,356.54,356.54,2025-01-15
PS0000072,WO000255,P00062,5,160.40,802.00,2025-09-14
PS0000806,WO000259,P00076,4,367.71,1470.84,2025-02-02
PS0000500,WO000268,P00164,2,34.04,68.08,2025-12-10
PS0000247,WO000268,P00138,3,130.74,392.22,2025-04-24
PS0000186,WO000268,P00028,4,590.40,2361.60,2025-12-20
PS0000144,WO000268,P00004,3,585.46,1756.38,2025-08-05
PS0000680,WO000307,P00197,2,421.62,843.24,2025-04-01
PS0000398,WO000318,P00188,1,779.31,779.31,2025-08-08
PS0000365,WO000318,P00181,5,502.03,2510.15,2025-09-29
PS0000217,WO000318,P00090,4,62.47,249.88,2025-12-29
PS0000018,WO000318,P00069,4,652.37,2609.48,2025-10-08
PS0000827,WO000373,P00184,5,332.30,1661.50,2025-05-19
PS0000239,WO000373,P00012,1,400.44,400.44,2025-08-26
PS0000659,WO000200,P00172,4,749.90,2999.60,2025-07-05
PS0000521,WO000200,P00166,4,93.37,373.48,2025-11-15
PS0000395,WO000200,P00171,5,165.99,829.95,2025-01-12
PS0000940,WO000298,P00019,2,107.82,215.64,2025-04-06
PS0000926,WO000298,P00041,5,432.11,2160.55,2025-11-18
PS0000250,WO000298,P00101,5,155.58,777.90,2025-05-25
PS0000797,WO000400,P00082,5,821.38,4106.90,2025-03-06
PS0000578,WO000400,P00048,2,26.19,52.38,2025-02-21
PS0000359,WO000400,P00020,1,310.18,310.18,2025-03-23
PS0000096,WO000400,P00126,3,206.24,618.72,2025-10-05
