sale_id,work_order_id,sku,quantity,unit_price,sale_date,updated_at,total_price
PS0000001,WO000094,P00007,1,609.03,2025-03-24,2025-02-07,609.03
PS0000002,WO000222,P00191,4,836.48,2025-08-28,2025-02-14,3345.92
PS0000003,WO000204,P00111,3,61.65,2025-12-26,2025-06-12,184.95
PS0000004,WO000138,P00119,2,100.26,2025-11-19,2025-11-27,200.52
PS0000005,WO000300,P00174,1,617.98,2025-09-20,2025-09-10,617.98
PS0000006,WO000395,P00063,2,253.91,2025-07-08,2025-06-18,507.82
PS0000007,WO000207,P00124,5,172.97,2025-10-17,2025-10-12,864.85
PS0000008,WO000336,P00012,3,52.67,2025-12-28,2025-10-01,158.01
PS0000009,WO000081,P00141,3,38.13,2025-02-27,2025-01-20,114.39
PS0000010,WO000218,P00043,1,662.82,2025-01-09,2025-08-27,662.82
PS0000011,WO000002,P00017,3,131.58,2025-10-31,2025-09-27,394.74
PS0000012,WO000178,P00063,1,408.21,2025-04-25,2025-11-06,408.21
PS0000013,WO000396,P00209,1,522.89,2025-07-29,2025-01-31,522.89
PS0000014,WO000371,P00120,2,375.53,2025-02-10,2025-11-10,751.06
PS0000015,WO000346,P00036,3,42.5,2025-10-31,2025-04-14,127.5
PS0000016,WO000279,P00213,1,670.31,2025-06-22,2025-06-19,670.31
PS0000017,WO000146,P00008,2,28.73,2025-08-22,2025-07-05,57.46
PS0000018,WO000318,P00069,4,652.37,2025-10-08,2025-05-08,2609.48
PS0000019,WO000224,P00090,2,761.44,2025-03-19,2025-07-29,1522.88
PS0000020,WO000369,P00208,2,379.26,2025-04-18,2025-10-08,758.52
PS0000021,WO000384,P00036,1,464.5,2025-10-08,2025-09-10,464.5
PS0000022,WO000062,P00028,5,415.9,2025-02-08,2025-01-19,2079.5
PS0000023,WO000294,P00118,5,343.04,2025-04-29,2025-07-19,1715.2
PS0000024,WO000239,P00093,5,756.56,2025-12-01,2025-08-08,3782.8
PS0000025,WO000195,P00175,2,761.96,2025-12-02,2025-05-16,1523.92
PS0000026,WO000166,P00076,1,298.73,2025-01-27,2025-08-11,298.73
PS0000027,WO000222,P00101,3,530.51,2025-04-14,2025-01-03,1591.53
PS0000028,WO000061,P00158,2,789.33,2025-03-15,2025-08-24,1578.66
PS0000029,WO000129,P00151,2,818.51,2025-07-10,2025-12-08,1637.02
PS0000030,WO000173,P00144,1,442.44,2025-11-20,2025-08-16,442.44
PS0000031,WO000156,P00014,4,395.84,2025-05-27,2025-05-22,1583.36
PS0000032,WO000378,P00202,2,251.32,2025-09-12,2025-01-09,502.64
PS0000033,WO000110,P00071,4,815.86,2025-10-11,2025-07-09,3263.44
PS0000034,WO000269,P00180,4,138.54,2025-08-01,2025-12-16,554.16
PS0000035,WO000356,P00124,5,501.26,2025-05-03,2025-06-14,2506.3
PS0000036,WO000391,P00125,1,254.52,2025-07-25,2025-05-19,254.52
PS0000037,WO000278,P00037,4,251.58,2025-08-28,2025-10-03,1006.32
PS0000038,WO000074,P00029,1,356.12,2025-12-05,2025-10-18,356.12
PS0000039,WO000207,P00195,5,849.0,2025-10-13,2025-02-22,4245.0
PS0000040,WO000388,P00143,1,65.62,2025-01-22,2025-06-24,65.62
PS0000041,WO000279,P00175,2,500.19,2025-09-16,2025-04-20,1000.38
PS0000042,WO000375,P00174,4,88.53,2025-12-23,2025-07-22,354.12
PS0000043,WO000326,P00180,1,148.25,2025-04-15,2025-05-16,148.25
PS0000044,WO000340,P00019,3,384.84,2025-09-15,2025-01-04,1154.52
PS0000045,WO000357,P00205,1,443.68,2025-07-23,2025-06-04,443.68
PS0000046,WO000340,P00106,4,234.8,2025-11-06,2025-06-21,939.2
PS0000047,WO000204,P00021,5,282.66,2025-09-19,2025-12-24,1413.3
PS0000048,WO000161,P00064,5,92.18,2025-04-17,2025-02-16,460.9
PS0000049,WO000028,P00165,4,271.67,2025-09-08,2025-04-04,1086.68
PS0000050,WO000392,P00027,2,822.24,2025-08-09,2025-02-17,1644.48
PS0000051,WO000257,P00055,2,804.11,2025-08-10,2025-08-28,1608.22
PS0000052,WO000165,P00029,5,297.95,2025-09-15,2025-12-13,1489.75
PS0000053,WO000063,P00148,5,493.81,2025-07-20,2025-08-01,2469.05
PS0000054,WO000022,P00025,4,774.96,2025-09-15,2025-12-06,3099.84
PS0000055,WO000070,P00070,2,25.13,2025-12-15,2025-11-20,50.26
PS0000056,WO000381,P00063,5,692.87,2025-08-13,2025-05-19,3464.35
PS0000057,WO000096,P00164,2,807.15,2025-07-21,2025-07-24,1614.3
PS0000058,WO000163,P00130,5,95.8,2025-08-14,2025-03-14,479.0
PS0000059,WO000079,P00150,1,154.0,2025-08-24,2025-01-04,154.0
PS0000060,WO000005,P00016,3,817.42,2025-07-02,2025-03-17,2452.26
PS0000061,WO000316,P00146,1,466.16,2025-07-19,2025-11-25,466.16
PS0000062,WO000120,P00197,5,31.78,2025-12-23,2025-03-18,158.9
PS0000063,WO000302,P00182,3,233.83,2025-09-03,2025-10-31,701.49
PS0000064,WO000178,P00100,3,393.45,2025-12-19,2025-09-13,1180.35
PS0000065,WO000176,P00030,5,595.11,2025-04-21,2025-04-12,2975.55
PS0000066,WO000390,P00045,5,628.52,2025-01-06,2025-04-16,3142.6
PS0000067,WO000217,P00019,2,846.2,2025-08-24,2025-11-29,1692.4
PS0000068,WO000056,P00215,5,258.63,2025-05-07,2025-02-08,1293.15
PS0000069,WO000366,P00034,4,466.72,2025-04-14,2025-11-10,1866.88
PS0000070,WO000187,P00141,5,462.66,2025-08-25,2025-10-02,2313.3
PS0000071,WO000232,P00171,4,356.69,2025-06-04,2025-03-29,1426.76
PS0000072,WO000255,P00062,5,160.4,2025-09-14,2025-07-30,802.0
PS0000073,WO000104,P00118,2,831.29,2025-08-23,2026-01-04,1662.58
PS0000074,WO000077,P00100,4,728.25,2025-10-16,2025-03-18,2913.0
PS0000075,WO000230,P00022,1,433.62,2025-02-09,2025-03-18,433.62
PS0000076,WO000258,P00180,4,520.69,2025-10-15,2025-01-28,2082.76
PS0000077,WO000264,P00180,2,208.63,2025-07-16,2025-09-02,417.26
PS0000078,WO000331,P00111,4,471.34,2025-09-30,2025-03-07,1885.36
PS0000079,WO000182,P00164,5,596.83,2025-09-21,2025-09-23,2984.15
PS0000080,WO000381,P00073,5,447.59,2025-02-26,2025-07-24,2237.95
PS0000081,WO000256,P00147,2,841.94,2025-10-25,2025-02-27,1683.88
PS0000082,WO000038,P00038,3,527.41,2025-04-08,2025-07-20,1582.23
PS0000083,WO000176,P00070,5,327.91,2025-05-17,2025-08-13,1639.55
PS0000084,WO000027,P00116,1,660.89,2025-03-28,2025-05-22,660.89
PS0000085,WO000276,P00079,2,161.48,2025-08-30,2026-01-03,322.96
PS0000086,WO000140,P00185,4,339.15,2025-07-18,2025-03-25,1356.6
PS0000087,WO000299,P00148,4,307.98,2025-11-06,2025-05-23,1231.92
PS0000088,WO000287,P00009,1,378.4,2025-03-25,2025-12-18,378.4
PS0000089,WO000091,P00032,5,668.88,2025-08-30,2025-02-02,3344.4
PS0000090,WO000061,P00132,2,421.86,2025-10-08,2025-06-01,843.72
PS0000091,WO000365,P00050,1,679.03,2025-11-19,2025-06-07,679.03
PS0000092,WO000347,P00082,5,498.49,2025-09-09,2025-05-21,2492.45
PS0000093,WO000163,P00005,2,303.92,2025-07-09,2025-09-08,607.84
PS0000094,,P00148,4,692.28,2025-06-01,2025-10-30,2769.12
PS0000095,WO000143,P00087,2,217.78,2025-10-29,2025-04-22,435.56
PS0000096,WO000400,P00126,3,206.24,2025-10-05,2025-05-24,618.72
PS0000097,WO000253,P00075,2,438.74,2025-05-19,2025-07-28,877.48
PS0000098,WO000269,P00165,3,236.5,2025-06-25,2025-08-12,709.5
PS0000099,WO000369,P00022,2,27.54,2025-01-08,2025-02-12,55.08
PS0000100,WO000291,P00186,3,558.09,2025-10-22,2025-09-21,1674.27
PS0000101,WO000187,P00068,4,444.21,2025-08-23,2025-09-01,1776.84
PS0000102,WO000304,P00044,5,389.78,2025-06-12,2025-01-03,1948.9
PS0000103,WO000291,P00034,3,822.58,2025-02-18,2025-05-05,2467.74
PS0000104,WO000086,P00077,3,494.1,2025-10-29,2025-09-25,1482.3
PS0000105,WO000166,P00042,4,736.65,2025-02-07,2025-03-25,2946.6
PS0000106,WO000114,P00137,3,,2025-05-16,2025-01-16,
PS0000107,WO000356,P00106,1,492.44,2025-11-06,2025-11-30,492.44
PS0000108,WO000183,P00095,4,740.42,2025-08-07,2025-02-28,2961.68
PS0000109,WO000207,P00135,1,503.98,2025-12-14,2025-06-26,503.98
PS0000110,WO000256,P00068,4,615.95,2025-10-23,2025-03-04,2463.8
PS0000111,WO000235,P00147,3,328.8,2025-02-03,2025-02-18,986.4
PS0000112,WO000355,P00159,1,96.73,2025-12-18,2025-11-03,96.73
PS0000113,WO000003,P00128,3,400.06,2025-03-20,2025-09-03,1200.18
PS0000114,WO000208,P00163,4,347.42,2025-08-24,2025-10-16,1389.68
PS0000115,WO000197,P00185,3,739.66,2025-09-30,2025-10-13,2218.98
PS0000116,WO000341,P00085,1,222.52,2025-06-10,2025-11-28,222.52
PS0000117,WO000125,P00189,1,822.39,2025-06-24,2025-01-15,822.39
PS0000118,WO000138,P00159,3,815.25,2025-11-04,2025-12-04,2445.75
PS0000119,WO000339,P00083,2,225.53,2025-08-09,2025-09-12,451.06
PS0000120,WO000025,P00095,4,308.88,2025-01-09,2025-04-02,1235.52
PS0000121,WO000068,P00181,4,763.31,2025-10-16,2025-10-06,3053.24
PS0000122,WO000061,P00032,3,822.3,2025-04-23,2025-07-25,2466.9
PS0000123,WO000029,P00066,2,388.05,2025-07-24,2025-04-04,776.1
PS0000124,WO000383,P00187,1,286.43,2025-07-05,2025-08-13,286.43
PS0000125,WO000019,P00116,5,456.66,2025-12-07,2025-10-28,2283.3
PS0000126,WO000171,P00138,5,590.85,2025-07-16,2025-11-14,2954.25
PS0000127,WO000074,P00130,3,246.98,2025-09-23,2025-07-18,740.94
PS0000128,WO000061,P00194,2,631.27,2025-09-19,2025-09-28,1262.54
PS0000129,WO000153,P00060,2,62.88,2025-09-05,2025-08-22,125.76
PS0000130,WO000276,P00216,4,60.91,2025-04-25,2025-02-15,243.64
PS0000131,WO000048,P00017,1,340.62,2025-05-01,2025-03-05,340.62
PS0000132,WO000211,P00096,2,313.38,2025-05-21,2025-08-18,626.76
PS0000133,WO000343,P00144,5,281.98,2025-03-06,2025-09-06,1409.9
PS0000134,WO000139,P00016,1,427.55,2025-10-03,2025-09-03,427.55
PS0000135,WO000110,P00046,1,286.21,2025-11-09,2025-03-16,286.21
PS0000136,WO000183,P00167,3,179.57,2025-08-27,2025-06-06,538.71
PS0000137,WO000028,P00159,2,276.86,2025-10-29,2025-08-11,553.72
PS0000138,WO000197,P00107,3,829.17,2025-01-10,2025-07-09,2487.51
PS0000139,WO000191,P00088,2,361.22,2025-08-21,2025-02-21,722.44
PS0000140,WO000315,P00129,4,389.11,2025-07-14,2025-03-29,1556.44
PS0000141,WO990003,P00139,3,498.53,2025-01-12,2025-11-09,1495.59
PS0000142,WO000051,P00119,3,836.17,2025-06-26,2025-12-05,2508.51
PS0000143,WO000149,P00085,5,220.53,2025-06-26,2025-03-07,1102.65
PS0000144,WO000268,P00004,3,585.46,2025-08-05,2025-05-30,1756.38
PS0000145,WO000050,P00071,2,614.27,2025-01-11,2025-01-20,1228.54
PS0000146,WO000388,P00154,5,524.08,2025-04-28,2025-02-02,2620.4
PS0000147,WO000246,P00111,3,93.52,2025-06-13,2025-11-24,280.56
PS0000148,WO000113,P00050,3,581.8,2025-02-08,2025-10-08,1745.4
PS0000149,WO000170,P00140,4,73.2,2025-02-22,2025-02-15,292.8
PS0000150,WO000166,P00095,3,514.8,2025-08-06,2025-03-14,1544.4
PS0000151,WO000014,P00209,1,633.85,2025-07-25,2025-12-20,633.85
PS0000152,WO000203,P00203,5,195.11,2025-11-08,2025-11-09,975.55
PS0000153,WO000288,P00092,1,718.55,2025-12-26,2025-12-09,718.55
PS0000154,WO000395,P00065,5,45.19,2025-02-25,2025-05-13,225.95
PS0000155,WO000189,P00047,4,720.36,2025-04-28,2025-02-24,2881.44
PS0000156,WO000155,P00181,3,402.07,2025-09-10,2025-03-02,1206.21
PS0000157,WO000055,P00106,3,200.6,2025-10-13,2025-12-11,601.8
PS0000158,WO000182,P00199,3,131.04,2025-09-25,2025-01-08,393.12
PS0000159,WO000210,P00130,5,811.24,2025-10-18,2025-09-29,4056.2
PS0000160,WO000376,P00106,3,80.31,2025-11-29,2025-09-03,240.93
PS0000161,WO000075,P00024,1,185.25,2025-06-29,2025-06-25,185.25
PS0000162,WO000277,P00004,3,308.69,2025-12-24,2025-04-26,926.07
PS0000163,WO000133,P00108,4,534.79,2025-08-23,2025-11-13,2139.16
PS0000164,WO000343,P00019,1,472.18,2025-12-09,2025-09-28,472.18
PS0000165,WO990009,P00154,3,124.28,2025-07-15,2025-07-12,372.84
PS0000166,WO000345,P00203,3,260.47,2025-11-04,2025-05-30,781.41
PS0000167,WO000182,P00040,2,218.16,2025-03-21,2025-05-11,436.32
PS0000168,WO000339,P00050,5,197.24,2025-05-15,2025-04-12,986.2
PS0000169,WO000321,P00171,1,361.25,2025-01-22,2025-11-06,361.25
PS0000170,WO000064,P00075,2,604.35,2025-11-27,2025-09-27,1208.7
PS0000171,WO000327,P00195,4,200.49,2025-08-13,2025-10-19,801.96
PS0000172,WO000260,P00012,5,324.34,2025-02-27,2025-07-29,1621.7
PS0000173,WO000193,P00195,1,344.46,2025-04-03,2025-12-27,344.46
PS0000174,WO000143,P00027,3,830.46,2025-07-11,2025-12-04,2491.38
PS0000175,WO000104,P00113,1,812.37,2025-04-13,2025-03-08,812.37
PS0000176,WO000214,P00182,3,684.11,2025-01-07,2025-01-10,2052.33
PS0000177,WO000242,P00194,5,220.58,2025-05-08,2025-02-18,1102.9
PS0000178,WO000209,P00049,3,76.47,2025-02-24,2025-04-21,229.41
PS0000179,WO000093,P00144,4,283.03,2025-08-19,2025-11-17,1132.12
PS0000180,WO000142,P00130,3,241.44,2025-12-28,2025-08-07,724.32
PS0000181,WO000112,P00060,4,439.92,2025-03-03,2025-02-26,1759.68
PS0000182,WO000375,P00182,5,665.51,2025-08-28,2025-10-10,3327.55
PS0000183,WO000059,P00030,5,732.41,2025-03-31,2025-04-23,3662.05
PS0000184,WO000043,P00084,1,721.24,2025-08-20,2025-05-13,721.24
PS0000185,WO000207,P00166,4,318.53,2025-08-21,2025-03-12,1274.12
PS0000186,WO000268,P00028,4,590.4,2025-12-20,2025-03-24,2361.6
PS0000187,WO000296,P00025,2,279.65,2025-11-29,2025-02-26,559.3
PS0000188,WO000118,P00096,2,70.55,2025-10-19,2025-12-15,141.1
PS0000189,WO000020,P00125,2,602.3,2025-12-11,2025-09-28,1204.6
PS0000190,WO000222,P00010,3,28.16,2025-06-01,2025-04-21,84.48
PS0000191,WO000166,P00188,2,359.62,2025-05-25,2025-12-23,719.24
PS0000192,WO000131,P00042,4,293.38,2025-05-10,2025-03-17,1173.52
PS0000193,WO000156,P00040,3,595.5,2025-05-21,2025-06-07,1786.5
PS0000194,WO000184,P00077,5,655.98,2025-04-03,2025-01-20,3279.9
PS0000195,WO000090,P00105,1,272.4,2025-04-24,2025-05-11,272.4
PS0000196,WO000094,P00118,2,693.65,2025-10-11,2025-11-25,1387.3
PS0000197,WO000013,P00042,5,263.95,2025-05-23,2025-05-02,1319.75
PS0000198,WO000322,P00047,4,390.45,2025-08-11,2025-02-10,1561.8
PS0000199,WO000293,P00165,1,623.43,2025-08-20,2025-06-16,623.43
PS0000200,WO000230,P00208,5,595.12,2025-02-02,2025-05-10,2975.6
PS0000201,WO000322,P00022,1,839.52,2025-10-03,2025-01-23,839.52
PS0000202,WO000292,P00185,2,,2025-06-19,2025-10-06,
PS0000203,WO000026,P00212,4,569.72,2025-05-20,2025-09-08,2278.88
PS0000204,WO000075,P00107,1,526.04,2025-12-23,2025-01-09,526.04
PS0000205,WO000364,P00027,5,779.53,2025-07-20,2025-01-13,3897.65
PS0000206,WO000299,P00041,2,149.78,2025-01-23,2025-11-03,299.56
PS0000207,WO000150,P00080,2,643.99,2025-08-12,2025-11-16,1287.98
PS0000208,WO000148,P00162,5,491.66,2025-09-27,2025-02-21,2458.3
PS0000209,WO000008,P00160,5,247.97,2025-12-13,2025-07-28,1239.85
PS0000210,WO000029,P00218,1,413.78,2025-06-02,2025-02-07,413.78
PS0000211,WO000296,P00089,3,297.03,2025-11-29,2025-04-10,891.09
PS0000212,WO000209,P00066,2,500.83,2025-03-26,2025-07-12,1001.66
PS0000213,WO000128,P00012,1,757.87,2025-04-19,2025-07-10,757.87
PS0000214,WO000340,P00168,5,492.52,2025-01-31,2025-02-20,2462.6
PS0000215,WO000116,P00073,1,544.33,2025-08-17,2025-05-21,544.33
PS0000216,WO000144,P00076,5,450.56,2025-08-28,2025-06-17,2252.8
PS0000217,WO000318,P00090,4,62.47,2025-12-29,2025-11-07,249.88
PS0000218,WO000235,P00201,5,213.27,2025-11-06,2025-04-19,1066.35
PS0000219,WO000007,P00010,5,428.36,2025-05-21,2025-07-26,2141.8
PS0000220,WO000045,P00096,5,277.5,2025-06-05,2025-10-27,1387.5
PS0000221,WO000239,P00176,3,170.86,2025-10-26,2025-04-20,512.58
PS0000222,WO000155,P00020,5,438.43,2025-12-11,2025-07-15,2192.15
PS0000223,WO000181,P00039,2,287.93,2025-04-09,2025-06-01,575.86
PS0000224,WO000215,P00060,2,234.23,2025-02-16,2025-08-31,468.46
PS0000225,WO000088,P00066,1,405.11,2025-11-23,2025-05-08,405.11
PS0000226,WO000256,P00065,3,130.63,2025-03-08,2025-04-15,391.89
PS0000227,WO000073,P00179,1,790.03,2025-03-03,2025-01-10,790.03
PS0000228,WO000179,P00124,2,740.19,2025-04-19,2025-12-22,1480.38
PS0000229,WO000212,P00164,2,607.33,2025-06-16,2025-05-28,1214.66
PS0000230,WO000293,P00152,4,108.16,2025-02-06,2025-12-31,432.64
PS0000231,WO000234,P00155,5,663.98,2025-04-29,2025-12-30,3319.9
PS0000232,WO000239,P00130,2,690.6,2025-03-27,2025-05-20,1381.2
PS0000233,WO000223,P00159,1,657.24,2025-02-21,2025-07-09,657.24
PS0000234,WO000119,P00057,1,114.59,2025-04-01,2025-04-04,114.59
PS0000235,WO990006,P00078,5,554.44,2025-10-16,2025-08-17,2772.2
PS0000236,WO000264,P00194,5,712.49,2025-12-03,2025-03-04,3562.45
PS0000237,WO000207,P00029,4,499.2,2025-10-25,2025-12-06,1996.8
PS0000238,WO000095,P00015,3,,2025-07-23,2025-01-25,
PS0000239,WO000373,P00012,1,400.44,2025-08-26,2025-09-25,400.44
PS0000240,WO000222,P00101,5,458.83,2025-06-04,2025-10-08,2294.15
PS0000241,WO000366,P00156,1,48.53,2025-08-28,2025-01-11,48.53
PS0000242,WO000276,P00084,5,550.34,2025-05-16,2025-11-16,2751.7
PS0000243,WO000380,P00125,2,87.6,2025-12-28,2025-07-20,175.2
PS0000244,WO000231,P00103,1,381.06,2025-03-05,2025-05-06,381.06
PS0000245,WO000309,P00024,2,262.9,2025-05-03,2025-11-02,525.8
PS0000246,WO000119,P00149,1,472.71,2025-09-11,2025-07-09,472.71
PS0000247,WO000268,P00138,3,130.74,2025-04-24,2025-03-30,392.22
PS0000248,WO000273,P00110,4,594.06,2025-01-20,2025-12-21,2376.24
PS0000249,WO000064,P00078,2,679.86,2025-01-16,2025-04-26,1359.72
PS0000250,WO000298,P00101,5,155.58,2025-05-25,2025-12-18,777.9
PS0000251,WO000350,P00146,3,106.58,2025-07-27,2025-06-26,319.74
PS0000252,WO000011,P00216,1,140.78,2025-01-19,2025-01-14,140.78
PS0000253,WO000098,P00142,2,748.02,2025-06-15,2025-09-14,1496.04
PS0000254,WO000071,P00162,1,458.4,2025-02-07,2025-07-28,458.4
PS0000255,WO000364,P00128,1,407.83,2025-06-30,2025-10-08,407.83
PS0000256,WO000058,P00058,1,108.57,2025-12-15,2025-11-24,108.57
PS0000257,WO000290,P00076,4,559.13,2025-04-15,2025-11-21,2236.52
PS0000258,WO000251,P00150,4,740.44,2025-04-10,2025-04-15,2961.76
PS0000259,WO000276,P00198,5,707.39,2025-03-31,2025-05-27,3536.95
PS0000260,WO000050,P00036,2,539.63,2025-10-27,2025-10-06,1079.26
PS0000261,WO000358,P00173,3,82.48,2025-11-28,2025-01-09,247.44
PS0000262,WO000216,P00164,3,113.29,2025-03-20,2025-04-28,339.87
PS0000263,WO000394,P00022,3,60.93,2025-03-14,2025-04-04,182.79
PS0000264,WO000052,P00206,1,233.71,2025-06-25,2025-05-24,233.71
PS0000265,WO000271,P00127,4,132.6,2025-04-06,2025-10-16,530.4
PS0000266,WO000084,P00080,2,235.84,2025-12-11,2025-01-14,471.68
PS0000267,WO000387,P00189,1,339.6,2025-04-13,2025-09-14,339.6
PS0000268,WO000293,P00100,4,802.68,2025-08-12,2025-12-12,3210.72
PS0000269,,P00184,4,526.61,2025-01-06,2025-07-05,2106.44
PS0000270,WO000296,P00217,2,713.03,2025-05-02,2025-12-11,1426.06
PS0000271,WO000072,P00096,2,609.59,2025-08-24,2025-07-26,1219.18
PS0000272,WO000296,P00161,2,113.38,2025-04-26,2025-12-12,226.76
PS0000273,WO000236,P00173,1,630.81,2025-06-12,2025-06-21,630.81
PS0000274,WO000056,P00164,5,248.33,2025-08-14,2025-09-27,1241.65
PS0000275,WO000360,P00148,2,550.46,2025-08-18,2025-08-09,1100.92
PS0000276,,P00018,5,303.0,2025-07-01,2025-06-01,1515.0
PS0000277,WO000110,P00038,1,848.07,2025-09-06,2025-04-21,848.07
PS0000278,WO000192,P00195,5,238.75,2025-11-14,2025-07-02,1193.75
PS0000279,WO000392,P00151,3,251.68,2025-07-29,2025-12-05,755.04
PS0000280,WO000093,P00109,5,792.46,2025-05-24,2025-03-13,3962.3
PS0000281,WO000350,P00123,2,40.45,2025-12-11,2025-10-10,80.9
PS0000282,WO000056,P00144,1,598.25,2025-04-06,2025-03-15,598.25
PS0000283,WO000060,P00187,2,622.02,2025-12-12,2025-12-21,1244.04
PS0000284,WO990004,P00197,3,714.19,2025-09-01,2025-08-03,2142.57
PS0000285,WO000039,P00196,2,828.78,2025-03-27,2025-11-24,1657.56
PS0000286,WO000028,P00149,2,829.75,2025-07-03,2025-01-23,1659.5
PS0000287,WO000049,P00104,2,74.18,2025-05-01,2025-03-09,148.36
PS0000288,WO000125,P00206,4,702.13,2025-11-28,2025-12-28,2808.52
PS0000289,WO000013,P00206,3,556.44,2025-04-02,2025-04-03,1669.32
PS0000290,WO000036,P00198,2,557.29,2025-03-11,2025-11-17,1114.58
PS0000291,WO000101,P00140,2,126.53,2025-05-13,2025-11-20,253.06
PS0000292,WO000282,P00144,2,559.66,2025-10-06,2025-03-04,1119.32
PS0000293,WO000086,P00081,1,835.46,2025-05-17,2025-08-12,835.46
PS0000294,WO000004,P00087,4,776.81,2025-11-10,2025-08-13,3107.24
PS0000295,WO000223,P00142,1,384.48,2025-07-06,2026-01-04,384.48
PS0000296,WO000338,P00061,4,53.16,2025-08-09,2025-12-12,212.64
PS0000297,WO000166,P00199,2,320.7,2025-02-15,2025-12-03,641.4
PS0000298,WO000383,P00046,3,705.9,2025-10-05,2025-04-13,2117.7
PS0000299,WO000344,P00032,5,602.24,2025-07-11,2025-08-03,3011.2
PS0000300,WO000383,P00015,5,401.26,2025-01-08,2025-07-11,2006.3
PS0000301,WO000376,P00044,2,65.73,2025-10-03,2025-06-09,131.46
PS0000302,WO000278,P00145,1,374.32,2025-06-28,2025-07-26,374.32
PS0000303,WO000130,P00169,3,409.29,2025-11-30,2025-09-26,1227.87
PS0000304,WO000031,P00054,4,790.7,2025-02-08,2025-07-13,3162.8
PS0000305,WO000375,P00044,2,552.1,2025-10-20,2025-06-01,1104.2
PS0000306,WO000011,P00098,3,278.67,2025-06-27,2025-08-25,836.01
PS0000307,WO000302,P00005,3,456.01,2025-06-11,2025-03-29,1368.03
PS0000308,WO000096,P00109,4,74.83,2025-11-27,2025-01-11,299.32
PS0000309,WO000190,P00027,3,827.23,2025-04-14,2025-07-06,2481.69
PS0000310,WO000192,P00116,1,318.85,2025-06-10,2025-08-02,318.85
PS0000311,WO000266,P00087,1,416.63,2025-10-14,2025-01-15,416.63
PS0000312,WO000128,P00104,1,314.89,2025-05-03,2025-09-23,314.89
PS0000313,WO000238,P00123,3,586.48,2025-02-23,2025-10-24,1759.44
PS0000314,WO000355,P00206,1,569.65,2025-02-03,2025-03-14,569.65
PS0000315,WO000112,P00079,4,613.72,2025-08-30,2025-02-21,2454.88
PS0000316,WO000316,P00043,3,242.56,2025-04-23,2025-05-08,727.68
PS0000317,WO000343,P00097,5,282.0,2025-11-14,2025-01-28,1410.0
PS0000318,WO000145,P00031,3,123.96,2025-01-23,2025-03-06,371.88
PS0000319,WO000065,P00099,4,564.07,2025-02-15,2025-01-17,2256.28
PS0000320,WO000247,P00017,5,53.03,2025-11-08,2025-12-17,265.15
PS0000321,WO000223,P00083,3,516.08,2025-05-15,2025-05-18,1548.24
PS0000322,WO990002,P00110,1,741.85,2025-04-28,2025-11-15,741.85
PS0000323,WO000106,P00182,2,759.39,2025-07-08,2025-08-17,1518.78
PS0000324,WO000181,P00190,2,392.7,2025-05-11,2025-09-11,785.4
PS0000325,WO000184,P00215,1,401.22,2025-07-31,2025-07-29,401.22
PS0000326,WO000226,P00032,2,83.88,2025-04-23,2025-10-21,167.76
PS0000327,WO000265,P00168,2,576.73,2025-02-13,2025-08-19,1153.46
PS0000328,WO000278,P00141,1,701.65,2025-05-08,2025-08-29,701.65
PS0000329,WO000397,P00212,1,223.06,2025-12-30,2025-03-11,223.06
PS0000330,WO000089,P00035,3,369.68,2025-06-07,2025-04-14,1109.04
PS0000331,WO000176,P00133,3,716.24,2025-09-30,2025-07-23,2148.72
PS0000332,WO000018,P00201,1,748.01,2025-11-11,2025-02-22,748.01
PS0000333,WO000371,P00029,4,221.84,2025-12-21,2025-11-26,887.36
PS0000334,WO000399,P00070,2,476.97,2025-12-06,2025-02-23,953.94
PS0000335,WO000106,P00153,3,179.77,2025-02-14,2025-10-03,539.31
PS0000336,WO000271,P00095,2,104.56,2025-04-18,2025-12-01,209.12
PS0000337,WO000319,P00022,5,776.23,2025-08-07,2025-01-31,3881.15
PS0000338,WO000167,P00194,1,701.02,2025-11-14,2025-05-15,701.02
PS0000339,WO000013,P00173,4,650.83,2025-11-11,2025-02-27,2603.32
PS0000340,WO000337,P00069,5,60.48,2025-06-26,2025-04-15,302.4
PS0000341,WO000032,P00219,5,720.29,2025-08-16,2025-09-23,3601.45
PS0000342,WO000393,P00089,5,383.58,2025-07-10,2025-01-10,1917.9
PS0000343,WO000040,P00072,1,304.19,2025-06-09,2025-09-10,304.19
PS0000344,WO000148,P00129,3,473.58,2025-09-24,2025-10-22,1420.74
PS0000345,WO000218,P00212,1,95.82,2025-12-24,2025-06-05,95.82
PS0000346,WO000219,P00172,3,648.02,2025-11-22,2025-06-07,1944.06
PS0000347,WO000082,P00087,5,503.42,2025-07-09,2025-02-06,2517.1
PS0000348,WO000333,P00096,5,174.87,2025-06-24,2025-04-29,874.35
PS0000349,WO000208,P00075,4,176.23,2025-10-17,2025-03-08,704.92
PS0000350,WO000201,P00167,3,172.93,2025-12-23,2025-08-30,518.79
PS0000351,WO000332,P00054,5,67.31,2025-05-25,2025-10-26,336.55
PS0000352,WO000038,P00088,2,507.87,2025-08-20,2025-08-01,1015.74
PS0000353,WO000211,P00203,4,717.49,2025-12-26,2025-11-04,2869.96
PS0000354,WO000327,P00157,1,34.52,2025-07-23,2025-04-11,34.52
PS0000355,WO000249,P00054,4,60.67,2025-08-01,2025-02-25,242.68
PS0000356,WO000227,P00218,2,495.4,2025-02-09,2025-11-28,990.8
PS0000357,WO000048,P00016,3,700.18,2025-10-02,2025-11-20,2100.54
PS0000358,WO000018,P00099,1,291.19,2025-11-19,2025-08-27,291.19
PS0000359,WO000400,P00020,1,310.18,2025-03-23,2025-08-19,310.18
PS0000360,WO000295,P00046,3,514.97,2025-06-30,2025-12-28,1544.91
PS0000361,WO000196,P00195,4,247.6,2025-11-16,2025-04-02,990.4
PS0000362,WO000187,P00193,5,42.08,2025-03-24,2025-10-06,210.4
PS0000363,WO000345,P00127,4,630.24,2025-10-30,2025-04-19,2520.96
PS0000364,WO000224,P00058,2,539.29,2025-09-19,2025-11-13,1078.58
PS0000365,WO000318,P00181,5,502.03,2025-09-29,2025-06-17,2510.15
PS0000366,WO000397,P00111,4,635.6,2025-07-19,2025-10-27,2542.4
PS0000367,WO000365,P00129,3,580.44,2025-08-28,2025-08-06,1741.32
PS0000368,WO000337,P00081,2,190.88,2025-06-29,2025-08-10,381.76
PS0000369,WO000229,P00194,2,312.56,2025-06-20,2025-06-10,625.12
PS0000370,WO000390,P00157,2,124.67,2025-10-22,2025-01-16,249.34
PS0000371,WO000077,P00084,5,127.78,2025-06-26,2025-10-05,638.9
PS0000372,WO000188,P00070,1,581.24,2025-08-25,2025-02-26,581.24
PS0000373,WO000346,P00008,5,732.64,2025-05-18,2025-03-03,3663.2
PS0000374,WO000270,P00029,4,819.07,2025-11-23,2025-12-29,3276.28
PS0000375,WO000095,P00112,1,541.53,2025-11-07,2025-11-23,541.53
PS0000376,WO000310,P00179,4,172.8,2025-05-09,2025-08-30,691.2
PS0000377,WO000132,P00161,1,107.69,2025-02-18,2025-03-31,107.69
PS0000378,WO000039,P00131,5,694.67,2025-06-13,2025-03-13,3473.35
PS0000379,WO000072,P00188,2,500.37,2025-10-04,2025-11-22,1000.74
PS0000380,WO000281,P00163,3,533.18,2025-10-20,2025-01-30,1599.54
PS0000381,WO000333,P00197,2,668.61,2025-04-26,2025-12-25,1337.22
PS0000382,WO000160,P00219,5,603.72,2025-01-24,2025-10-15,3018.6
PS0000383,WO000187,P00108,1,712.6,2025-11-07,2025-03-27,712.6
PS0000384,WO000191,P00204,2,66.66,2025-01-25,2025-08-22,133.32
PS0000385,WO000120,P00212,5,640.44,2025-05-07,2025-08-23,3202.2
PS0000386,WO000220,P00109,4,726.21,2025-08-22,2025-11-09,2904.84
PS0000387,WO000053,P00020,3,257.49,2025-07-28,2025-12-31,772.47
PS0000388,WO000222,P00073,2,551.57,2025-04-03,2025-09-22,1103.14
PS0000389,WO000131,P00167,1,280.75,2025-04-04,2025-10-14,280.75
PS0000390,WO000237,P00004,4,815.12,2025-11-23,2025-11-23,3260.48
PS0000391,WO000246,P00019,5,47.74,2025-08-13,2025-09-26,238.7
PS0000392,WO000226,P00102,3,501.23,2025-10-07,2025-07-05,1503.69
PS0000393,WO000208,P00219,1,158.2,2025-01-11,2025-05-11,158.2
PS0000394,WO000096,P00173,5,611.14,2025-11-25,2025-10-18,3055.7
PS0000395,WO000200,P00171,5,165.99,2025-01-12,2025-10-04,829.95
PS0000396,WO000247,P00141,2,215.37,2025-02-04,2025-11-16,430.74
PS0000397,WO000072,P00141,2,430.33,2025-08-16,2025-12-17,860.66
PS0000398,WO000318,P00188,1,779.31,2025-08-08,2025-06-29,779.31
PS0000399,WO000185,P00185,5,195.72,2025-05-21,2025-10-17,978.6
PS0000400,WO000006,P00086,2,139.72,2025-01-23,2025-06-12,279.44
PS0000401,WO000206,P00052,3,649.95,2025-03-24,2025-09-28,1949.85
PS0000402,WO000032,P00111,3,435.51,2025-08-17,2025-04-06,1306.53
PS0000403,WO000099,P00181,5,776.78,2025-12-10,2025-09-19,3883.9
PS0000404,WO000394,P00109,2,141.69,2025-03-21,2025-12-31,283.38
PS0000405,WO000387,P00086,1,556.12,2025-12-19,2025-12-19,556.12
PS0000406,WO000256,P00043,1,213.29,2025-10-17,2025-10-15,213.29
PS0000407,WO000187,P00211,1,150.11,2025-11-27,2025-03-24,150.11
PS0000408,WO000076,P00200,3,587.25,2025-06-08,2025-08-13,1761.75
PS0000409,WO000177,P00200,2,512.76,2025-05-08,2025-08-11,1025.52
PS0000410,WO000315,P00042,2,646.51,2025-07-09,2025-04-28,1293.02
PS0000411,WO000287,P00090,3,276.85,2025-01-31,2025-07-11,830.55
PS0000412,WO000349,P00115,1,391.82,2025-12-25,2025-03-20,391.82
PS0000413,WO000255,P00026,1,356.54,2025-01-15,2025-03-19,356.54
PS0000414,WO000325,P00151,5,836.79,2025-11-09,2025-05-27,4183.95
PS0000415,WO000190,P00043,4,262.57,2025-03-16,2025-04-17,1050.28
PS0000416,WO000308,P00077,2,264.7,2025-02-03,2025-09-28,529.4
PS0000417,WO000345,P00156,2,314.28,2025-12-25,2025-09-01,628.56
PS0000418,WO000127,P00137,2,488.61,2025-07-15,2025-03-14,977.22
PS0000419,WO000287,P00020,4,229.43,2025-11-27,2025-12-23,917.72
PS0000420,WO000254,P00184,5,779.69,2025-01-29,2025-12-20,3898.45
PS0000421,WO000213,P00211,4,240.52,2025-07-13,2025-01-26,962.08
PS0000422,WO000250,P00039,1,763.53,2025-01-16,2025-07-29,763.53
PS0000423,WO000084,P00179,1,105.88,2025-03-18,2025-04-02,105.88
PS0000424,WO000383,P00012,2,564.95,2025-10-20,2025-05-05,1129.9
PS0000425,WO000388,P00207,3,772.8,2025-03-22,2025-03-14,2318.4
PS0000426,WO000013,P00183,2,160.06,2025-05-04,2025-05-03,320.12
PS0000427,WO000045,P00206,3,823.71,2025-01-19,2025-11-05,2471.13
PS0000428,WO000127,P00011,4,395.89,2025-04-12,2025-07-03,1583.56
PS0000429,WO000114,P00154,1,804.94,2025-03-18,2025-07-06,804.94
PS0000430,WO000276,P00042,3,581.76,2025-08-17,2025-07-17,1745.28
PS0000431,WO000205,P00155,4,270.32,2025-10-24,2025-03-19,1081.28
PS0000432,WO000337,P00011,1,176.29,2025-07-22,2025-12-14,176.29
PS0000433,WO000385,P00038,3,272.1,2025-03-02,2025-07-05,816.3
PS0000434,WO000399,P00098,2,97.2,2025-01-26,2025-12-10,194.4
PS0000435,WO000273,P00171,2,139.41,2025-03-12,2025-09-10,278.82
PS0000436,WO000058,P00019,2,106.87,2025-04-13,2025-01-13,213.74
PS0000437,WO000328,P00192,4,371.04,2025-11-22,2025-10-26,1484.16
PS0000438,WO000219,P00134,2,680.33,2025-12-29,2025-03-17,1360.66
PS0000439,WO000109,P00174,5,137.35,2025-06-06,2025-02-20,686.75
PS0000440,WO000279,P00116,1,128.17,2025-12-29,2025-10-02,128.17
PS0000441,WO000174,P00113,4,554.05,2025-12-25,2025-05-29,2216.2
PS0000442,WO000328,P00170,2,183.66,2025-07-13,2025-08-07,367.32
PS0000443,WO000264,P00065,1,101.02,2025-10-02,2025-05-02,101.02
PS0000444,WO000315,P00099,3,158.48,2025-11-20,2025-07-30,475.44
PS0000445,WO000111,P00072,2,786.7,2025-07-05,2025-10-07,1573.4
PS0000446,WO000187,P00187,1,701.82,2025-11-22,2025-01-26,701.82
PS0000447,WO000269,P00052,5,313.87,2025-04-23,2025-06-22,1569.35
PS0000448,WO000229,P00118,3,564.33,2025-11-09,2025-06-05,1692.99
PS0000449,WO000156,P00175,5,465.94,2025-06-14,2025-08-26,2329.7
PS0000450,WO000189,P00120,1,582.01,2025-03-02,2025-03-23,582.01
PS0000451,WO000272,P00007,5,586.62,2025-04-02,2025-12-22,2933.1
PS0000452,WO000375,P00011,1,541.85,2025-10-13,2025-09-30,541.85
PS0000453,WO000002,P00103,1,240.86,2025-06-02,2025-03-09,240.86
PS0000454,WO000246,P00061,5,52.38,2025-08-13,2025-02-13,261.9
PS0000455,WO000210,P00068,1,398.12,2025-05-07,2025-03-02,398.12
PS0000456,WO000286,P00153,2,759.51,2025-07-12,2025-05-03,1519.02
PS0000457,WO000359,P00140,1,492.68,2025-04-25,2025-12-15,492.68
PS0000458,WO000013,P00154,4,710.88,2025-09-19,2025-07-15,2843.52
PS0000459,WO990008,P00102,1,843.05,2025-01-18,2025-11-26,843.05
PS0000460,WO000221,P00110,4,155.8,2025-01-10,2025-11-19,623.2
PS0000461,WO990001,P00140,1,594.18,2025-04-02,2025-04-21,594.18
PS0000462,WO000094,P00171,1,579.66,2025-05-19,2025-09-15,579.66
PS0000463,WO000338,P00051,5,833.36,2025-11-29,2025-03-30,4166.8
PS0000464,WO000269,P00117,2,838.05,2025-12-23,2025-07-17,1676.1
PS0000465,WO000171,P00165,2,589.94,2025-12-06,2025-10-09,1179.88
PS0000466,WO000094,P00046,3,222.2,2025-02-21,2025-07-19,666.6
PS0000467,WO000149,P00053,5,682.8,2025-07-14,2025-04-09,3414.0
PS0000468,WO000112,P00088,5,108.83,2025-07-25,2025-01-27,544.15
PS0000469,WO000055,P00208,2,667.98,2025-10-14,2025-03-30,1335.96
PS0000470,WO000337,P00121,5,775.46,2025-04-03,2025-05-26,3877.3
PS0000471,WO000116,P00013,2,337.75,2025-11-05,2025-07-01,675.5
PS0000472,WO000143,P00089,5,543.43,2025-05-25,2025-09-14,2717.15
PS0000473,WO000201,P00125,1,377.02,2025-03-27,2025-07-08,377.02
PS0000474,WO000180,P00118,2,383.34,2025-06-02,2025-08-28,766.68
PS0000475,WO000202,P00054,2,277.61,2025-01-02,2025-12-25,555.22
PS0000476,WO000364,P00185,4,652.57,2025-12-08,2025-07-15,2610.28
PS0000477,WO000053,P00116,5,797.03,2025-09-17,2025-10-24,3985.15
PS0000478,WO000384,P00118,5,800.82,2025-06-13,2025-06-14,4004.1
PS0000479,WO000180,P00004,2,165.07,2025-01-06,2025-11-03,330.14
PS0000480,WO000313,P00075,1,746.04,2025-05-29,2025-09-28,746.04
PS0000481,WO000308,P00049,1,632.07,2025-07-24,2025-01-08,632.07
PS0000482,WO000137,P00007,1,229.86,2025-04-28,2025-02-07,229.86
PS0000483,WO000182,P00110,5,75.85,2025-03-30,2025-04-24,379.25
PS0000484,WO000367,P00122,4,242.44,2025-06-03,2025-12-05,969.76
PS0000485,WO000001,P00011,2,777.13,2025-06-16,2025-02-25,1554.26
PS0000486,WO000044,P00092,3,545.54,2025-06-10,2025-12-25,1636.62
PS0000487,WO000227,P00182,4,618.48,2025-09-27,2025-05-18,2473.92
PS0000488,WO000331,P00215,3,233.44,2025-02-25,2025-04-12,700.32
PS0000489,WO000098,P00173,4,617.09,2025-08-16,2025-11-30,2468.36
PS0000490,WO000208,P00023,1,43.34,2025-12-03,2025-06-26,43.34
PS0000491,WO000265,P00028,5,331.52,2025-05-29,2025-06-18,1657.6
PS0000492,WO000288,P00111,3,540.21,2025-02-15,2025-12-05,1620.63
PS0000493,WO000271,P00057,4,141.26,2025-05-24,2025-10-13,565.04
PS0000494,WO000140,P00026,5,703.09,2025-08-26,2025-09-18,3515.45
PS0000495,WO000237,P00153,3,215.08,2025-09-29,2025-08-11,645.24
PS0000496,WO000392,P00054,2,561.39,2025-04-30,2025-07-18,1122.78
PS0000497,WO000072,P00029,4,356.31,2025-12-06,2025-07-30,1425.24
PS0000498,WO000155,P00211,2,514.72,2025-08-08,2025-10-14,1029.44
PS0000499,WO000190,P00097,1,109.18,2025-01-08,2025-06-29,109.18
PS0000500,WO000268,P00164,2,34.04,2025-12-10,2025-09-07,68.08
PS0000501,WO000321,P00014,2,774.94,2025-10-02,2025-08-19,1549.88
PS0000502,WO000107,P00078,4,243.79,2025-12-19,2025-01-23,975.16
PS0000503,WO000232,P00035,1,700.33,2025-03-07,2025-02-17,700.33
PS0000504,WO000042,P00030,2,849.46,2025-03-20,2025-04-19,1698.92
PS0000505,WO000190,P00092,5,195.49,2025-03-27,2025-10-23,977.45
PS0000506,WO000371,P00017,3,240.09,2025-05-04,2025-01-06,720.27
PS0000507,WO000139,P00195,2,570.17,2025-07-21,2025-02-07,1140.34
PS0000508,WO000103,P00208,1,821.32,2025-05-30,2025-06-18,821.32
PS0000509,WO000171,P00158,2,780.13,2025-02-15,2025-12-22,1560.26
PS0000510,WO000351,P00093,3,437.39,2025-04-23,2025-10-10,1312.17
PS0000511,WO000273,P00173,1,679.94,2025-04-01,2025-07-22,679.94
PS0000512,WO000221,P00079,4,132.67,2025-05-21,2025-11-21,530.68
PS0000513,WO000213,P00110,1,831.27,2025-10-16,2025-11-09,831.27
PS0000514,WO000341,P00217,4,820.41,2025-08-06,2025-09-30,3281.64
PS0000515,WO000056,P00179,1,155.9,2025-03-18,2025-09-01,155.9
PS0000516,WO000390,P00102,3,268.52,2025-11-30,2025-11-23,805.56
PS0000517,WO000342,P00106,3,103.13,2025-06-01,2025-02-16,309.39
PS0000518,WO000102,P00047,1,245.53,2025-11-19,2025-09-06,245.53
PS0000519,WO000192,P00181,2,697.24,2025-08-27,2025-03-20,1394.48
PS0000520,WO000310,P00064,3,334.0,2025-04-25,2025-04-20,1002.0
PS0000521,WO000200,P00166,4,93.37,2025-11-15,2025-01-13,373.48
PS0000522,WO000233,P00064,4,304.05,2025-04-04,2025-12-31,1216.2
PS0000523,WO000227,P00087,5,834.55,2025-02-17,2025-03-31,4172.75
PS0000524,WO000371,P00217,4,542.64,2025-07-10,2025-12-08,2170.56
PS0000525,WO000139,P00007,5,365.41,2025-01-12,2025-12-14,1827.05
PS0000526,WO000344,P00022,1,158.23,2025-06-05,2025-10-07,158.23
PS0000527,WO000305,P00081,1,838.53,2025-06-21,2025-08-09,838.53
PS0000528,WO000149,P00210,1,701.3,2025-10-23,2025-03-14,701.3
PS0000529,WO000115,P00169,2,253.63,2025-06-26,2025-08-22,507.26
PS0000530,WO990005,P00074,2,78.16,2025-12-07,2025-09-17,156.32
PS0000531,WO000104,P00138,5,67.0,2025-02-26,2025-04-23,335.0
PS0000532,WO000339,P00185,4,119.91,2025-12-09,2025-02-15,479.64
PS0000533,WO000359,P00135,4,502.04,2025-12-06,2025-10-01,2008.16
PS0000534,WO000156,P00125,1,790.87,2025-07-22,2025-02-12,790.87
PS0000535,WO000273,P00050,3,432.3,2025-07-04,2025-07-27,1296.9
PS0000536,WO000006,P00219,2,719.64,2025-05-01,2025-12-15,1439.28
PS0000537,WO000147,P00052,2,390.09,2025-08-14,2025-04-13,780.18
PS0000538,WO000184,P00161,1,608.12,2025-07-21,2025-05-04,608.12
PS0000539,WO000028,P00001,2,627.45,2025-11-26,2025-01-10,1254.9
PS0000540,WO000038,P00181,1,164.39,2025-12-29,2025-11-25,164.39
PS0000541,WO000119,P00188,5,319.81,2025-12-22,2025-07-06,1599.05
PS0000542,WO000293,P00162,4,548.96,2025-08-04,2025-01-31,2195.84
PS0000543,WO000371,P00004,3,78.68,2025-02-12,2025-06-05,236.04
PS0000544,WO000244,P00145,4,320.08,2025-01-23,2025-03-01,1280.32
PS0000545,WO000068,P00132,4,463.88,2025-06-04,2025-09-06,1855.52
PS0000546,WO000214,P00171,5,846.87,2025-07-05,2025-09-27,4234.35
PS0000547,WO000218,P00218,2,413.86,2025-09-06,2025-08-05,827.72
PS0000548,WO000177,P00004,3,697.33,2025-08-25,2025-01-02,2091.99
PS0000549,WO000299,P00001,2,378.62,2025-10-20,2025-01-24,757.24
PS0000550,WO000164,P00071,4,681.0,2025-05-14,2025-07-25,2724.0
PS0000551,WO000058,P00178,1,514.19,2025-11-17,2025-11-16,514.19
PS0000552,WO000269,P00201,4,755.87,2025-01-22,2025-07-18,3023.48
PS0000553,WO000308,P00189,2,361.08,2025-12-27,2025-12-22,722.16
PS0000554,WO000058,P00035,4,521.57,2025-03-29,2025-04-24,2086.28
PS0000555,WO000288,P00008,1,542.92,2025-06-02,2025-10-07,542.92
PS0000556,WO000105,P00152,5,366.43,2025-05-05,2025-06-04,1832.15
PS0000557,WO000228,P00211,2,139.78,2025-03-20,2025-06-14,279.56
PS0000558,WO000247,P00036,4,97.65,2025-12-12,2025-08-10,390.6
PS0000559,WO000188,P00178,2,33.84,2025-02-20,2025-04-01,67.68
PS0000560,WO000083,P00123,5,745.03,2025-08-04,2025-06-16,3725.15
PS0000561,WO000186,P00043,4,216.27,2025-06-25,2025-07-26,865.08
PS0000562,WO000252,P00027,4,195.55,2025-12-24,2025-10-09,782.2
PS0000563,WO000355,P00032,2,630.91,2025-09-10,2025-03-06,1261.82
PS0000564,WO000238,P00078,2,285.61,2025-09-03,2025-01-04,571.22
PS0000565,WO000360,P00121,1,440.02,2025-08-15,2025-06-06,440.02
PS0000566,WO000184,P00146,5,154.88,2025-04-16,2025-09-06,774.4
PS0000567,WO000284,P00156,1,816.59,2025-07-12,2025-09-14,816.59
PS0000568,WO000385,P00157,4,726.81,2025-11-12,2025-08-23,2907.24
PS0000569,WO000210,P00016,2,736.95,2025-10-29,2025-11-02,1473.9
PS0000570,WO000304,P00099,4,357.62,2025-02-05,2026-01-01,1430.48
PS0000571,WO000296,P00047,4,652.76,2025-07-23,2025-03-15,2611.04
PS0000572,WO000097,P00187,3,139.42,2025-09-24,2025-07-06,418.26
PS0000573,WO000208,P00031,3,27.15,2025-09-25,2025-03-03,81.45
PS0000574,WO000370,P00004,4,36.58,2025-06-19,2025-12-03,146.32
PS0000575,WO000388,P00165,2,506.88,2025-02-08,2025-06-13,1013.76
PS0000576,WO000137,P00017,4,397.98,2025-05-19,2025-02-25,1591.92
PS0000577,WO000367,P00039,3,449.95,2025-10-19,2025-04-21,1349.85
PS0000578,WO000400,P00048,2,26.19,2025-02-21,2025-08-06,52.38
PS0000579,WO000184,P00174,4,370.83,2025-10-14,2025-08-28,1483.32
PS0000580,WO000076,P00218,5,616.0,2025-10-16,2025-01-21,3080.0
PS0000581,WO000287,P00176,5,387.44,2025-05-21,2025-05-21,1937.2
PS0000582,WO000375,P00039,4,627.74,2025-05-26,2025-09-22,2510.96
PS0000583,WO000142,P00132,2,213.41,2025-11-10,2025-05-19,426.82
PS0000584,WO000237,P00030,4,694.91,2025-07-03,2025-03-11,2779.64
PS0000585,WO000025,P00158,4,508.4,2025-06-01,2025-04-28,2033.6
PS0000586,WO000290,P00022,3,194.93,2025-07-20,2025-07-17,584.79
PS0000587,WO000067,P00203,5,216.48,2025-05-08,2025-07-24,1082.4
PS0000588,WO000250,P00066,3,541.27,2025-10-14,2025-08-02,1623.81
PS0000589,WO000118,P00108,3,708.85,2025-11-07,2025-02-25,2126.55
PS0000590,WO000073,P00012,4,364.97,2025-09-10,2025-10-14,1459.88
PS0000591,WO000282,P00036,3,234.39,2025-09-23,2025-10-20,703.17
PS0000592,WO000360,P00018,5,739.62,2025-07-07,2025-06-24,3698.1
PS0000593,WO000010,P00090,3,575.49,2025-08-18,2025-12-13,1726.47
PS0000594,WO000211,P00181,5,391.91,2025-09-28,2026-01-05,1959.55
PS0000595,WO000323,P00199,3,424.96,2025-09-16,2025-05-08,1274.88
PS0000596,WO000152,P00001,5,189.53,2025-10-26,2025-11-21,947.65
PS0000597,WO000005,P00127,3,540.25,2025-07-17,2025-10-19,1620.75
PS0000598,WO000195,P00186,3,317.76,2025-11-19,2025-10-15,953.28
PS0000599,WO000283,P00090,2,846.39,2025-02-25,2025-08-14,1692.78
PS0000600,WO000113,P00087,5,418.55,2025-11-15,2025-03-05,2092.75
PS0000601,WO000271,P00090,5,423.29,2025-07-22,2025-02-17,2116.45
PS0000602,WO000163,P00134,5,489.66,2025-09-28,2025-07-21,2448.3
PS0000603,WO000105,P00070,1,780.91,2025-04-19,2025-12-03,780.91
PS0000604,WO000181,P00044,3,684.68,2025-04-26,2025-03-01,2054.04
PS0000605,WO000044,P00200,5,394.44,2025-04-02,2025-09-14,1972.2
PS0000606,WO000282,P00152,1,616.52,2025-05-18,2025-03-06,616.52
PS0000607,WO000175,P00086,2,506.58,2025-10-30,2025-08-27,1013.16
PS0000608,WO000162,P00019,5,428.66,2025-02-26,2025-10-16,2143.3
PS0000609,WO000351,P00101,5,179.62,2025-02-19,2025-02-07,898.1
PS0000610,WO000340,P00146,1,405.07,2025-03-12,2025-01-25,405.07
PS0000611,WO000140,P00095,3,224.03,2025-03-23,2025-02-28,672.09
PS0000612,WO000132,P00101,2,779.32,2025-04-15,2025-12-23,1558.64
PS0000613,WO000087,P00030,5,298.39,2025-03-29,2025-10-24,1491.95
PS0000614,WO000176,P00170,3,810.38,2025-01-02,2025-06-07,2431.14
PS0000615,WO000183,P00033,2,462.44,2025-12-26,2025-02-26,924.88
PS0000616,WO000368,P00202,4,544.18,2025-03-25,2025-02-17,2176.72
PS0000617,WO000129,P00012,4,470.64,2025-02-12,2025-11-24,1882.56
PS0000618,WO000246,P00118,2,127.39,2025-06-03,2025-02-25,254.78
PS0000619,WO000089,P00094,1,331.93,2025-11-23,2025-03-06,331.93
PS0000620,WO000066,P00155,2,102.29,2025-04-04,2025-09-25,204.58
PS0000621,WO000158,P00167,2,537.05,2025-10-25,2025-03-10,1074.1
PS0000622,WO000387,P00137,1,390.91,2025-05-13,2025-08-04,390.91
PS0000623,WO000378,P00149,1,665.73,2025-03-06,2025-03-30,665.73
PS0000624,WO000149,P00076,3,202.99,2025-10-17,2025-10-08,608.97
PS0000625,WO000340,P00029,3,156.59,2025-09-14,2025-09-14,469.77
PS0000626,WO000116,P00161,1,357.26,2025-08-01,2025-06-09,357.26
PS0000627,WO000214,P00190,4,789.07,2025-05-28,2025-08-22,3156.28
PS0000628,WO000372,P00117,4,609.65,2025-03-02,2025-05-11,2438.6
PS0000629,WO000294,P00015,2,367.71,2025-05-29,2025-02-18,735.42
PS0000630,WO000253,P00002,5,449.34,2025-03-29,2025-05-27,2246.7
PS0000631,WO000143,P00180,2,89.9,2025-11-20,2025-11-12,179.8
PS0000632,WO000250,P00117,2,837.2,2025-10-05,2025-01-02,1674.4
PS0000633,WO000366,P00172,5,573.12,2025-03-23,2025-11-25,2865.6
PS0000634,WO000302,P00182,1,256.89,2025-05-09,2025-05-25,256.89
PS0000635,WO000025,P00018,4,506.22,2025-10-13,2026-01-01,2024.88
PS0000636,WO000277,P00003,2,110.87,2025-12-19,2025-03-02,221.74
PS0000637,WO000377,P00135,5,821.64,2025-10-07,2025-09-30,4108.2
PS0000638,WO000378,P00171,3,165.07,2025-09-27,2025-02-18,495.21
PS0000639,WO000389,P00210,2,557.87,2025-10-19,2025-11-28,1115.74
PS0000640,WO000070,P00166,4,223.73,2025-07-22,2025-05-11,894.92
PS0000641,WO000113,P00165,1,615.58,2025-01-24,2025-02-12,615.58
PS0000642,WO000363,P00186,2,664.76,2025-12-17,2025-02-26,1329.52
PS0000643,WO000112,P00161,2,578.94,2025-11-07,2025-02-19,1157.88
PS0000644,WO000364,P00108,5,530.03,2025-07-27,2025-06-27,2650.15
PS0000645,WO000303,P00187,3,760.75,2025-10-07,2025-10-20,2282.25
PS0000646,WO000091,P00095,3,85.26,2025-07-24,2025-02-15,255.78
PS0000647,WO000018,P00122,1,294.66,2025-06-01,2025-06-19,294.66
PS0000648,WO000149,P00011,4,226.08,2025-01-26,2025-09-28,904.32
PS0000649,WO000227,P00068,1,840.05,2025-07-13,2025-12-02,840.05
PS0000650,WO000214,P00123,2,343.19,2025-12-02,2025-05-19,686.38
PS0000651,WO000360,P00210,2,628.07,2025-08-26,2025-09-04,1256.14
PS0000652,WO000151,P00196,3,588.32,2025-11-17,2025-05-28,1764.96
PS0000653,WO000192,P00113,4,196.03,2025-03-16,2025-08-18,784.12
PS0000654,WO000040,P00098,5,218.37,2025-06-12,2025-10-07,1091.85
PS0000655,WO000242,P00093,4,253.47,2025-10-26,2025-05-05,1013.88
PS0000656,WO000138,P00216,2,361.24,2025-01-29,2025-07-11,722.48
PS0000657,WO000345,P00022,5,214.49,2025-06-14,2025-03-21,1072.45
PS0000658,WO000180,P00194,4,36.31,2025-12-03,2025-04-04,145.24
PS0000659,WO000200,P00172,4,749.9,2025-07-05,2025-08-14,2999.6
PS0000660,WO000203,P00127,5,821.46,2025-02-23,2025-03-06,4107.3
PS0000661,WO000061,P00134,2,303.5,2025-10-22,2025-03-29,607.0
PS0000662,WO000192,P00170,4,300.96,2025-02-11,2025-03-29,1203.84
PS0000663,WO000005,P00025,5,25.89,2025-10-12,2025-07-20,129.45
PS0000664,WO000378,P00185,2,584.61,2025-05-18,2025-08-02,1169.22
PS0000665,WO000237,P00085,5,705.12,2025-07-06,2025-07-23,3525.6
PS0000666,WO000181,P00055,5,141.68,2025-07-23,2025-03-30,708.4
PS0000667,WO000311,P00144,4,152.52,2025-02-11,2025-03-02,610.08
PS0000668,WO000037,P00095,2,675.77,2025-12-16,2025-09-28,1351.54
PS0000669,WO000056,P00142,4,531.52,2025-10-15,2025-04-04,2126.08
PS0000670,WO000237,P00167,1,57.23,2025-01-26,2025-11-03,57.23
PS0000671,WO000358,P00156,1,536.71,2025-02-25,2025-01-27,536.71
PS0000672,WO000349,P00179,2,276.4,2025-09-10,2025-08-02,552.8
PS0000673,WO000197,P00119,5,326.04,2025-05-02,2025-03-15,1630.2
PS0000674,WO000073,P00177,4,658.88,2025-04-16,2025-03-02,2635.52
PS0000675,WO000059,P00009,4,693.08,2025-05-10,2025-07-05,2772.32
PS0000676,WO000240,P00186,2,352.3,2025-12-03,2025-01-31,704.6
PS0000677,WO000002,P00173,2,806.14,2025-06-07,2025-08-07,1612.28
PS0000678,WO000360,P00150,1,357.36,2025-08-19,2025-01-12,357.36
PS0000679,WO000188,P00160,3,660.62,2025-11-04,2025-10-29,1981.86
PS0000680,WO000307,P00197,2,421.62,2025-04-01,2025-02-01,843.24
PS0000681,WO000030,P00215,3,764.95,2025-01-22,2025-06-09,2294.85
PS0000682,WO000267,P00197,2,773.44,2025-10-17,2025-08-25,1546.88
PS0000683,WO000108,P00042,5,92.56,2025-04-20,2025-08-15,462.8
PS0000684,WO000332,P00053,5,797.29,2025-02-18,2025-06-30,3986.45
PS0000685,WO000090,P00187,1,705.19,2025-05-09,2025-11-13,705.19
PS0000686,WO000205,P00074,1,676.79,2025-03-14,2025-02-15,676.79
PS0000687,WO000379,P00039,3,186.76,2025-12-06,2025-12-07,560.28
PS0000688,WO000381,P00122,2,688.25,2025-02-22,2025-03-21,1376.5
PS0000689,WO000220,P00015,4,725.61,2025-12-22,2025-05-15,2902.44
PS0000690,WO000378,P00199,1,259.99,2025-06-17,2025-09-17,259.99
PS0000691,WO000094,P00157,4,810.38,2025-02-14,2025-11-04,3241.52
PS0000692,WO000103,P00123,4,61.38,2025-04-15,2025-09-04,245.52
PS0000693,WO000223,P00111,2,144.42,2025-05-30,2025-06-08,288.84
PS0000694,WO000186,P00131,3,466.19,2025-05-26,2025-07-22,1398.57
PS0000695,WO000184,P00083,2,497.91,2025-07-23,2025-04-22,995.82
PS0000696,WO000162,P00010,1,555.47,2025-12-28,2025-10-19,555.47
PS0000697,WO000247,P00092,4,34.08,2025-10-26,2025-11-06,136.32
PS0000698,WO000031,P00029,2,817.1,2025-06-16,2025-04-29,1634.2
PS0000699,WO000052,P00207,2,57.01,2025-07-20,2025-01-17,114.02
PS0000700,WO000345,P00035,2,138.74,2025-05-14,2025-11-27,277.48
PS0000701,WO000076,P00006,1,31.63,2025-07-30,2025-08-15,31.63
PS0000702,WO000385,P00140,3,490.49,2025-02-17,2025-12-27,1471.47
PS0000703,WO000278,P00111,2,793.78,2025-05-06,2025-04-27,1587.56
PS0000704,WO000040,P00038,1,572.74,2025-08-27,2025-02-12,572.74
PS0000705,WO000101,P00077,4,702.81,2025-01-07,2026-01-03,2811.24
PS0000706,WO000111,P00093,5,31.02,2025-09-29,2025-04-25,155.1
PS0000707,WO000385,P00147,1,469.87,2025-02-06,2025-10-10,469.87
PS0000708,WO000321,P00067,5,401.44,2025-07-30,2025-02-06,2007.2
PS0000709,WO000249,P00136,2,434.14,2025-06-14,2025-10-29,868.28
PS0000710,WO000191,P00008,2,79.94,2025-05-05,2025-04-23,159.88
PS0000711,WO000182,P00122,1,588.08,2025-12-03,2025-02-04,588.08
PS0000712,WO000335,P00084,5,437.67,2025-07-11,2025-05-12,2188.35
PS0000713,WO000209,P00175,2,655.07,2025-08-06,2025-12-02,1310.14
PS0000714,WO000022,P00132,4,422.79,2025-08-02,2025-12-02,1691.16
PS0000715,WO000166,P00179,3,143.99,2025-03-03,2025-08-16,431.97
PS0000716,WO000099,P00085,3,558.05,2025-11-24,2025-05-27,1674.15
PS0000717,WO000208,P00195,2,163.08,2025-06-10,2025-05-02,326.16
PS0000718,WO000008,P00045,5,744.09,2025-03-07,2025-03-22,3720.45
PS0000719,WO000190,P00136,2,528.89,2025-10-13,2025-06-22,1057.78
PS0000720,WO000175,P00087,5,150.48,2025-08-27,2025-06-03,752.4
PS0000721,WO000273,P00016,4,818.74,2025-01-20,2025-05-30,3274.96
PS0000722,WO000017,P00077,5,450.24,2025-07-07,2025-02-27,2251.2
PS0000723,WO000090,P00195,2,80.51,2025-03-23,2025-03-04,161.02
PS0000724,WO000141,P00009,4,540.27,2025-12-29,2025-06-05,2161.08
PS0000725,WO000145,P00060,1,230.16,2025-07-21,2025-12-22,230.16
PS0000726,WO000166,P00078,3,687.07,2025-05-12,2025-11-18,2061.21
PS0000727,WO000337,P00077,2,698.79,2025-02-06,2025-06-17,1397.58
PS0000728,WO000078,P00071,2,832.53,2025-05-12,2025-06-15,1665.06
PS0000729,WO000262,P00015,2,436.55,2025-03-18,2025-03-26,873.1
PS0000730,WO000163,P00071,4,397.61,2025-03-30,2025-05-17,1590.44
PS0000731,WO000366,P00102,1,645.38,2025-09-10,2025-07-08,645.38
PS0000732,WO000014,P00169,5,129.95,2025-12-10,2025-01-02,649.75
PS0000733,WO000239,P00022,1,473.94,2025-07-13,2025-04-16,473.94
PS0000734,WO000072,P00152,4,473.39,2025-06-25,2025-12-30,1893.56
PS0000735,WO000143,P00113,2,94.26,2025-02-02,2025-03-13,188.52
PS0000736,WO000310,P00172,3,366.93,2025-02-27,2025-05-06,1100.79
PS0000737,WO000283,P00001,2,728.23,2025-07-20,2025-06-19,1456.46
PS0000738,WO000269,P00010,5,730.61,2025-01-28,2025-07-24,3653.05
PS0000739,WO000241,P00208,3,102.37,2025-02-04,2025-11-09,307.11
PS0000740,WO000245,P00110,2,95.3,2025-05-05,2025-12-03,190.6
PS0000741,WO000163,P00200,3,238.04,2025-11-17,2025-07-14,714.12
PS0000742,WO000060,P00184,1,746.06,2025-02-11,2025-06-07,746.06
PS0000743,WO000006,P00113,4,126.99,2025-03-26,2025-05-21,507.96
PS0000744,WO000197,P00217,2,617.6,2025-07-07,2025-10-02,1235.2
PS0000745,WO000058,P00050,5,103.97,2025-04-21,2025-01-07,519.85
PS0000746,WO000305,P00012,1,537.2,2025-09-28,2025-02-23,537.2
PS0000747,WO000217,P00089,2,315.54,2025-11-21,2025-04-14,631.08
PS0000748,WO000026,P00209,1,674.8,2025-04-15,2025-12-08,674.8
PS0000749,WO000303,P00188,5,213.96,2025-11-16,2025-12-04,1069.8
PS0000750,WO000005,P00154,2,550.54,2025-02-10,2025-03-02,1101.08
PS0000751,WO000020,P00112,5,215.62,2025-08-03,2025-03-28,1078.1
PS0000752,WO000390,P00078,3,612.34,2025-03-12,2025-09-15,1837.02
PS0000753,WO000198,P00169,5,745.15,2025-02-25,2025-06-27,3725.75
PS0000754,WO000059,P00164,3,125.25,2025-08-24,2025-08-30,375.75
PS0000755,WO000242,P00121,2,739.27,2025-10-08,2025-07-22,1478.54
PS0000756,WO000146,P00023,3,512.67,2025-04-15,2025-01-31,1538.01
PS0000757,WO000388,P00171,2,125.5,2025-06-11,2025-10-16,251.0
PS0000758,WO000273,P00134,2,374.86,2025-07-10,2025-03-21,749.72
PS0000759,WO000249,P00197,4,153.51,2025-01-09,2025-01-11,614.04
PS0000760,WO000014,P00171,2,601.29,2025-03-01,2025-09-11,1202.58
PS0000761,WO000013,P00025,3,649.86,2025-11-01,2025-10-14,1949.58
PS0000762,WO000391,P00018,4,107.81,2025-08-13,2025-06-25,431.24
PS0000763,WO000384,P00190,4,440.1,2025-11-03,2025-05-06,1760.4
PS0000764,WO000044,P00141,2,696.14,2025-07-07,2025-02-16,1392.28
PS0000765,WO000375,P00043,5,797.02,2025-03-11,2025-07-25,3985.1
PS0000766,WO000399,P00078,5,446.22,2025-10-20,2025-04-17,2231.1
PS0000767,WO000019,P00028,4,808.73,2025-10-14,2025-10-02,3234.92
PS0000768,WO000063,P00146,2,464.62,2025-06-18,2025-12-03,929.24
PS0000769,WO000239,P00059,5,347.18,2025-03-03,2025-05-03,1735.9
PS0000770,WO000337,P00188,2,724.01,2025-12-15,2025-05-14,1448.02
PS0000771,WO000100,P00063,2,429.18,2025-01-14,2025-04-17,858.36
PS0000772,WO000163,P00185,4,411.68,2025-06-13,2025-11-01,1646.72
PS0000773,WO000122,P00092,4,426.96,2025-09-02,2025-11-25,1707.84
PS0000774,WO000044,P00179,1,722.83,2025-12-01,2025-02-19,722.83
PS0000775,WO000360,P00056,5,710.51,2025-01-08,2025-12-03,3552.55
PS0000776,WO000317,P00155,5,354.92,2025-06-03,2025-04-05,1774.6
PS0000777,WO000381,P00160,5,296.64,2025-02-05,2025-09-25,1483.2
PS0000778,WO000145,P00111,3,428.3,2025-02-17,2025-01-23,1284.9
PS0000779,WO000327,P00137,2,495.4,2025-03-26,2025-02-23,990.8
PS0000780,WO000363,P00212,4,217.82,2025-01-28,2025-09-11,871.28
PS0000781,WO000050,P00068,5,678.98,2025-07-15,2025-08-23,3394.9
PS0000782,WO000065,P00046,1,423.78,2025-07-27,2025-02-28,423.78
PS0000783,WO000355,P00067,5,297.26,2025-07-23,2025-06-13,1486.3
PS0000784,WO000288,P00154,2,108.66,2025-11-03,2025-09-16,217.32
PS0000785,WO000164,P00136,2,218.24,2025-04-14,2025-11-10,436.48
PS0000786,WO000141,P00006,4,807.9,2025-08-18,2025-08-04,3231.6
PS0000787,WO000314,P00208,3,273.23,2025-04-11,2025-07-02,819.69
PS0000788,WO000128,P00024,4,160.15,2025-01-29,2025-02-26,640.6
PS0000789,WO000398,P00176,5,402.36,2025-05-07,2025-05-25,2011.8
PS0000790,WO000368,P00094,1,274.88,2025-12-04,2025-03-31,274.88
PS0000791,WO000239,P00173,4,49.18,2025-01-10,2025-11-07,196.72
PS0000792,WO990007,P00013,3,288.21,2025-04-16,2025-02-14,864.63
PS0000793,WO000296,P00197,4,471.61,2025-06-16,2025-09-14,1886.44
PS0000794,WO000187,P00025,2,477.92,2025-09-14,2025-01-21,955.84
PS0000795,WO000208,P00148,5,315.94,2025-10-22,2025-01-21,1579.7
PS0000796,WO000220,P00118,5,391.26,2025-10-04,2025-02-21,1956.3
PS0000797,WO000400,P00082,5,821.38,2025-03-06,2025-12-04,4106.9
PS0000798,WO000190,P00111,5,333.2,2025-09-28,2025-06-20,1666.0
PS0000799,WO000388,P00082,5,234.33,2025-07-07,2025-03-08,1171.65
PS0000800,WO000346,P00066,5,222.08,2025-11-13,2025-04-23,1110.4
PS0000801,WO000284,P00202,1,399.94,2025-05-18,2025-10-27,399.94
PS0000802,WO000352,P00045,3,650.4,2025-12-09,2025-06-09,1951.2
PS0000803,WO000237,P00114,5,190.97,2025-04-15,2025-09-23,954.85
PS0000804,WO000194,P00175,3,608.72,2025-02-03,2025-11-16,1826.16
PS0000805,WO000287,P00063,5,37.55,2025-04-20,2025-08-20,187.75
PS0000806,WO000259,P00076,4,367.71,2025-02-02,2025-11-21,1470.84
PS0000807,WO000246,P00205,5,663.97,2025-12-20,2025-03-09,3319.85
PS0000808,WO000136,P00114,2,301.15,2025-08-19,2025-01-28,602.3
PS0000809,WO000280,P00111,1,487.9,2025-11-13,2025-04-26,487.9
PS0000810,WO000271,P00183,4,190.13,2025-09-23,2025-02-20,760.52
PS0000811,WO000171,P00203,4,635.86,2025-07-01,2025-06-30,2543.44
PS0000812,WO000159,P00147,2,,2025-12-06,2025-09-17,
PS0000813,WO000201,P00035,5,727.61,2025-03-06,2025-03-20,3638.05
PS0000814,WO000045,P00053,1,184.5,2025-11-29,2025-09-30,184.5
PS0000815,WO000264,P00026,4,745.75,2025-01-01,2025-04-18,2983.0
PS0000816,WO000071,P00014,1,312.6,2025-05-13,2025-03-15,312.6
PS0000817,WO000364,P00118,4,619.83,2025-03-21,2025-06-24,2479.32
PS0000818,WO000371,P00045,5,284.96,2025-09-28,2025-07-03,1424.8
PS0000819,WO000103,P00172,4,771.91,2025-08-29,2025-01-23,3087.64
PS0000820,WO000125,P00216,4,125.11,2025-01-28,2025-10-01,500.44
PS0000821,WO000313,P00193,3,168.17,2025-08-11,2025-05-09,504.51
PS0000822,WO000286,P00051,5,429.22,2025-01-23,2025-10-18,2146.1
PS0000823,WO000230,P00171,2,88.01,2025-04-19,2025-11-16,176.02
PS0000824,WO000146,P00119,2,182.66,2025-04-17,2025-07-05,365.32
PS0000825,WO000370,P00214,5,803.33,2025-05-25,2025-02-28,4016.65
PS0000826,WO000197,P00151,2,830.49,2025-12-20,2025-01-01,1660.98
PS0000827,WO000373,P00184,5,332.3,2025-05-19,2025-05-11,1661.5
PS0000828,WO000221,P00019,2,786.33,2025-10-11,2025-03-08,1572.66
PS0000829,WO000060,P00082,3,472.2,2025-10-25,2025-10-20,1416.6
PS0000830,WO000098,P00076,2,243.89,2025-04-09,2025-10-12,487.78
PS0000831,WO000171,P00183,4,602.99,2025-11-13,2025-03-30,2411.96
PS0000832,WO000382,P00092,5,566.89,2025-05-03,2025-04-10,2834.45
PS0000833,WO000173,P00188,1,840.97,2025-11-16,2025-07-08,840.97
PS0000834,WO000151,P00187,1,239.99,2025-10-14,2025-12-12,239.99
PS0000835,WO000350,P00033,5,577.81,2025-03-22,2025-08-29,2889.05
PS0000836,WO000390,P00147,3,63.18,2025-01-10,2025-09-27,189.54
PS0000837,WO000122,P00028,2,114.33,2025-01-08,2025-08-07,228.66
PS0000838,WO000108,P00123,3,23.25,2025-07-24,2025-06-25,69.75
PS0000839,WO000004,P00180,1,849.55,2025-11-11,2025-12-07,849.55
PS0000840,WO000093,P00126,5,685.89,2025-07-16,2025-08-21,3429.45
PS0000841,WO000006,P00177,5,672.98,2025-07-17,2025-05-31,3364.9
PS0000842,WO000288,P00037,3,443.07,2025-01-30,2025-10-04,1329.21
PS0000843,WO000106,P00154,3,269.06,2025-01-20,2025-08-17,807.18
PS0000844,WO000146,P00099,2,145.55,2025-02-17,2025-06-20,291.1
PS0000845,WO000271,P00098,4,256.28,2025-05-10,2025-08-11,1025.12
PS0000846,WO000378,P00127,4,332.06,2025-10-20,2025-08-01,1328.24
PS0000847,WO000096,P00168,2,647.74,2025-05-12,2025-10-09,1295.48
PS0000848,WO990010,P00080,4,467.92,2025-12-22,2025-02-10,1871.68
PS0000849,WO000202,P00038,1,84.31,2025-02-23,2025-05-02,84.31
PS0000850,WO000212,P00077,4,34.96,2025-10-08,2025-08-15,139.84
PS0000851,WO000006,P00126,2,104.94,2025-09-22,2025-10-21,209.88
PS0000852,WO000112,P00087,4,360.71,2025-08-03,2025-03-29,1442.84
PS0000853,WO000376,P00054,5,794.55,2025-10-17,2025-09-24,3972.75
PS0000854,WO000379,P00150,3,549.04,2025-02-12,2025-01-29,1647.12
PS0000855,WO000323,P00016,1,685.52,2025-03-15,2025-09-04,685.52
PS0000856,WO000106,P00028,5,407.09,2025-12-16,2025-11-12,2035.45
PS0000857,WO000139,P00163,5,320.18,2025-10-05,2025-09-01,1600.9
PS0000858,WO000299,P00188,2,109.97,2025-11-22,2025-03-02,219.94
PS0000859,WO000096,P00173,3,747.02,2025-08-30,2025-05-27,2241.06
PS0000860,WO000388,P00046,3,670.02,2025-05-10,2025-06-23,2010.06
PS0000861,WO000337,P00072,1,159.54,2025-12-16,2025-10-05,159.54
PS0000862,WO000297,P00183,2,445.18,2025-07-13,2025-11-30,890.36
PS0000863,WO000389,P00214,1,424.52,2025-02-01,2026-01-04,424.52
PS0000864,WO000214,P00085,4,538.83,2025-04-16,2025-05-22,2155.32
PS0000865,WO000291,P00026,5,805.34,2025-07-23,2025-02-13,4026.7
PS0000866,WO000022,P00085,1,501.21,2025-01-01,2025-05-24,501.21
PS0000867,WO000193,P00153,5,468.38,2025-09-02,2025-12-19,2341.9
PS0000868,WO000150,P00065,2,61.77,2025-03-13,2025-11-29,123.54
PS0000869,WO000368,P00134,4,72.21,2025-11-02,2025-02-24,288.84
PS0000870,WO000247,P00151,2,175.5,2025-01-15,2025-11-03,351.0
PS0000871,WO000267,P00115,4,46.95,2025-02-22,2025-12-24,187.8
PS0000872,WO000251,P00064,4,636.98,2025-01-08,2025-06-10,2547.92
PS0000873,WO000003,P00087,5,620.36,2025-11-26,2025-10-12,3101.8
PS0000874,WO000393,P00171,2,132.93,2025-02-15,2025-11-21,265.86
PS0000875,WO000316,P00107,2,713.95,2025-11-21,2025-07-17,1427.9
PS0000876,WO000076,P00151,1,148.47,2025-04-24,2025-06-08,148.47
PS0000877,WO000087,P00096,2,269.98,2025-05-27,2025-03-21,539.96
PS0000878,WO000270,P00158,1,226.65,2025-06-15,2025-01-31,226.65
PS0000879,WO000225,P00077,3,329.01,2025-05-19,2025-04-22,987.03
PS0000880,WO000018,P00146,3,231.37,2025-04-27,2025-02-15,694.11
PS0000881,WO000113,P00087,3,425.83,2025-10-26,2025-12-19,1277.49
PS0000882,WO000251,P00207,2,358.15,2025-10-03,2025-07-24,716.3
PS0000883,WO000233,P00149,2,838.85,2025-10-04,2025-02-21,1677.7
PS0000884,WO000329,P00057,1,66.42,2025-12-04,2025-05-18,66.42
PS0000885,WO000279,P00103,4,138.01,2025-11-09,2025-03-15,552.04
PS0000886,,P00151,1,63.85,2025-06-27,2025-02-10,63.85
PS0000887,WO000083,P00091,3,539.45,2025-11-26,2025-03-18,1618.35
PS0000888,WO000125,P00045,1,65.24,2025-12-20,2025-07-06,65.24
PS0000889,WO000175,P00172,4,714.24,2025-06-03,2026-01-05,2856.96
PS0000890,WO000069,P00210,2,444.91,2025-07-20,2025-02-21,889.82
PS0000891,WO000047,P00088,1,457.42,2025-04-25,2025-03-28,457.42
PS0000892,WO000372,P00115,3,486.12,2025-06-08,2025-04-19,1458.36
PS0000893,WO000256,P00047,3,161.78,2025-02-11,2025-08-13,485.34
PS0000894,WO000215,P00168,2,184.08,2025-09-04,2025-09-05,368.16
PS0000895,WO000030,P00179,1,284.62,2025-03-09,2025-03-10,284.62
PS0000896,WO000281,P00170,4,512.6,2025-11-22,2025-04-30,2050.4
PS0000897,WO000237,P00135,2,194.4,2025-11-30,2025-03-08,388.8
PS0000898,WO000248,P00050,1,116.56,2025-07-15,2025-03-02,116.56
PS0000899,WO000368,P00176,5,825.2,2025-03-31,2025-11-23,4126.0
PS0000900,WO000025,P00084,3,38.24,2025-04-21,2025-07-10,114.72
PS0000901,WO000074,P00091,4,686.24,2025-12-25,2025-07-08,2744.96
PS0000902,WO000206,P00134,4,674.07,2025-05-25,2025-05-31,2696.28
PS0000903,WO000314,P00091,4,266.69,2025-10-02,2025-10-13,1066.76
PS0000904,WO000094,P00137,3,132.57,2025-06-28,2025-04-06,397.71
PS0000905,WO000375,P00109,1,140.87,2025-08-29,2025-11-08,140.87
PS0000906,WO000127,P00057,2,598.87,2025-11-22,2025-11-05,1197.74
PS0000907,WO000025,P00031,1,553.53,2025-11-15,2025-09-20,553.53
PS0000908,WO000334,P00021,2,669.68,2025-11-27,2025-04-07,1339.36
PS0000909,WO000355,P00090,4,798.11,2025-06-02,2025-04-23,3192.44
PS0000910,WO000116,P00040,1,594.3,2025-04-14,2025-05-05,594.3
PS0000911,WO000048,P00112,4,149.36,2025-03-16,2025-05-12,597.44
PS0000912,WO000226,P00045,5,222.06,2025-05-08,2025-05-01,1110.3
PS0000913,WO000266,P00077,4,719.02,2025-07-18,2025-07-16,2876.08
PS0000914,WO000099,P00177,4,193.72,2025-06-03,2025-10-21,774.88
PS0000915,WO000011,P00087,2,80.19,2025-02-25,2025-05-02,160.38
PS0000916,WO000085,P00148,5,603.72,2025-10-05,2025-10-09,3018.6
PS0000917,WO000214,P00101,4,354.1,2025-12-11,2025-09-17,1416.4
PS0000918,WO000173,P00117,4,783.63,2025-01-19,2025-02-08,3134.52
PS0000919,WO000391,P00092,5,559.71,2025-06-08,2025-02-23,2798.55
PS0000920,WO000209,P00145,5,95.05,2025-01-26,2025-06-10,475.25
PS0000921,WO000382,P00028,1,806.72,2025-06-18,2025-10-16,806.72
PS0000922,WO000064,P00169,2,234.6,2025-01-23,2025-07-19,469.2
PS0000923,WO000258,P00194,5,299.89,2025-02-16,2025-10-03,1499.45
PS0000924,WO000332,P00025,5,353.88,2025-01-13,2025-01-16,1769.4
PS0000925,WO000121,P00058,3,62.52,2025-08-05,2025-06-22,187.56
PS0000926,WO000298,P00041,5,432.11,2025-11-18,2025-09-05,2160.55
PS0000927,WO000054,P00134,2,122.35,2025-07-13,2025-08-06,244.7
PS0000928,WO000331,P00075,4,352.81,2025-05-24,2025-03-28,1411.24
PS0000929,WO000272,P00038,4,311.09,2025-03-14,2025-03-23,1244.36
PS0000930,WO000241,P00134,4,661.46,2025-06-05,2025-03-03,2645.84
PS0000931,WO000243,P00173,4,686.63,2025-03-18,2025-10-14,2746.52
PS0000932,WO000018,P00075,3,147.33,2025-06-18,2025-02-11,441.99
PS0000933,WO000187,P00142,5,324.24,2025-10-14,2025-01-12,1621.2
PS0000934,WO000346,P00066,4,329.88,2025-03-26,2025-11-17,1319.52
PS0000935,WO000144,P00168,1,145.67,2025-07-01,2025-08-22,145.67
PS0000936,WO000262,P00003,4,682.72,2025-11-11,2025-11-25,2730.88
PS0000937,WO000364,P00117,5,607.0,2025-10-24,2025-05-11,3035.0
PS0000938,WO000239,P00099,4,178.02,2025-04-22,2025-04-25,712.08
PS0000939,WO000304,P00152,3,324.38,2025-08-18,2025-08-06,973.14
PS0000940,WO000298,P00019,2,107.82,2025-04-06,2025-05-17,215.64
PS0000941,WO000076,P00146,2,541.41,2025-06-17,2025-04-16,1082.82
PS0000942,,P00192,5,120.74,2025-06-05,2025-06-28,603.7
PS0000943,WO000333,P00116,2,838.33,2025-04-15,2025-01-16,1676.66
PS0000944,WO000388,P00125,2,667.97,2025-07-12,2025-08-30,1335.94
PS0000945,WO000246,P00088,1,343.9,2025-11-26,2025-11-30,343.9
PS0000946,WO000130,P00035,5,500.21,2025-05-12,2025-08-14,2501.05
PS0000947,WO000315,P00190,5,776.41,2025-12-21,2025-08-30,3882.05
PS0000948,WO000283,P00001,2,479.9,2025-05-18,2025-05-21,959.8
PS0000949,WO000079,P00153,2,164.83,2025-11-27,2025-07-18,329.66
PS0000950,WO000072,P00173,2,334.32,2025-09-27,2025-04-22,668.64
PS0000305,WO000375,P00044,3,552.1,2025-10-20,2025-06-08,1656.3
PS0000523,WO000227,P00087,6,834.55,2025-02-17,2025-04-07,5007.3
PS0000168,WO000339,P00050,6,197.24,2025-05-15,2025-04-19,1183.44
PS0000519,WO000192,P00181,3,697.24,2025-08-27,2025-03-27,2091.72
PS0000564,WO000238,P00078,3,285.61,2025-09-03,2025-01-11,856.83
PS0000137,WO000028,P00159,3,276.86,2025-10-29,2025-08-18,830.58
PS0000078,WO000331,P00111,5,471.34,2025-09-30,2025-03-14,2356.7
PS0000243,WO000380,P00125,3,87.6,2025-12-28,2025-07-27,262.8
PS0000544,WO000244,P00145,5,320.08,2025-01-23,2025-03-08,1600.4
PS0000207,WO000150,P00080,3,643.99,2025-08-12,2025-11-23,1931.97
PS0000312,WO000128,P00104,2,314.89,2025-05-03,2025-09-30,629.78
PS0000361,WO000196,P00195,5,247.6,2025-11-16,2025-04-09,1238.0
